wt_cavity_A3,166.4

resnum,wt_aa,cavity_A3,delta_A3
108,PHE,239.9,73.5
59,LYS,238.1,71.8
141,GLU,235.8,69.4
120,TYR,212.4,46.0
117,LEU,198.4,32.0
94,GLU,184.8,18.4
110,ILE,183.0,16.6
83,VAL,181.4,15.0
167,ASN,179.9,13.5
163,VAL,177.6,11.2
164,VAL,167.1,0.8
91,THR,166.4,0.0
122,SER,166.4,0.0
92,SER,166.0,-0.4
115,HIS,162.9,-3.5
159,PHE,151.9,-14.5
87,LEU,150.2,-16.1
61,PHE,149.9,-16.5

combo,cavity_A3,delta_A3
LYS59A/PHE108A,294.2,127.9
LYS59A/PHE159A,219.9,53.5
PHE108A/PHE159A,224.6,58.2
LYS59A/PHE108A/PHE159A,276.5,110.1
LYS59A/PHE108A/PHE159A/PHE61A,249.2,82.9
ARG79A/GLU94A,251.1,84.8
PHE108A/ARG79A,265.1,98.8
PHE108A/ARG79A/GLU94A,308.5,142.1
LYS59A/PHE108A/ARG79A/GLU94A,375.5,209.1
