resnum,aa,min_dist_cavity_wt,min_dist_cavity_expanded,lining_pts_wt,lining_pts_expanded,min_dist_ABA
163,VAL,3.01,3.01,808,744,3.52
120,TYR,2.92,2.92,628,986,3.6
59,LYS,2.96,0.28,545,3712,2.85
115,HIS,3.08,3.08,522,472,3.86
61,PHE,3.12,3.12,480,447,3.51
159,PHE,3.1,3.1,441,287,3.2
117,LEU,3.1,3.1,426,376,3.8
94,GLU,2.93,0.45,408,2876,4.33
92,SER,2.93,2.92,324,552,3.76
83,VAL,3.11,3.11,303,276,3.67
62,ILE,3.07,3.1,286,475,5.51
110,ILE,2.98,2.98,276,663,3.51
87,LEU,3.15,3.15,250,98,3.95
108,PHE,3.06,0.1,244,5987,3.48
167,ASN,2.97,2.96,243,568,3.82
89,ALA,3.11,3.11,197,144,3.35
160,ALA,3.02,3.02,183,181,4.57
164,VAL,3.09,3.09,129,129,4.41
81,VAL,3.16,3.1,110,407,5.39
116,ARG,3.02,3.02,71,55,5.06
88,PRO,3.58,3.58,59,18,3.86
141,GLU,2.93,2.93,57,484,3.99
91,THR,2.93,2.93,53,53,4.41
122,SER,3.44,2.93,11,450,4.95
79,ARG,4.16,0.27,4,3374,5.81
60,HIS,4.16,4.16,2,2,7.13
114,GLU,4.11,4.11,2,2,5.58
1,MET,18.68,17.32,0,0,20.26
2,ALA,15.32,13.7,0,0,16.8
3,SER,13.52,12.68,0,0,15.17
4,GLU,17.05,15.98,0,0,18.61
5,LEU,17.28,15.84,0,0,18.54
6,THR,21.49,20.08,0,0,22.86
7,PRO,24.74,23.45,0,0,26.08
8,GLU,24.51,21.99,0,0,25.63
9,GLU,20.1,18.36,0,0,21.38
10,ARG,19.94,19.42,0,0,21.31
11,SER,23.75,21.25,0,0,24.99
12,GLU,22.09,18.68,0,0,23.43
13,LEU,17.88,15.17,0,0,19.04
14,LYS,20.28,17.16,0,0,21.81
15,ASN,19.69,15.8,0,0,21.26
16,SER,16.11,12.34,0,0,17.67
17,ILE,16.15,13.19,0,0,17.75
18,ALA,18.22,14.77,0,0,19.81
19,GLU,16.61,12.48,0,0,18.25
20,PHE,12.28,8.72,0,0,13.93
21,HIS,10.55,7.31,0,0,12.08
22,THR,14.72,12.21,0,0,16.35
23,TYR,9.99,7.88,0,0,11.62
24,GLN,16.59,15.64,0,0,17.74
25,LEU,13.5,13.5,0,0,14.82
26,ASP,16.26,16.26,0,0,17.83
27,PRO,16.48,16.48,0,0,18.23
28,GLY,12.81,12.81,0,0,14.74
29,SER,12.32,12.32,0,0,13.91
30,CYS,9.08,9.08,0,0,10.83
31,SER,9.68,9.68,0,0,11.44
32,SER,8.28,8.28,0,0,10.3
33,LEU,10.16,10.16,0,0,12.15
34,HIS,7.47,7.47,0,0,9.39
35,ALA,11.65,10.76,0,0,13.05
36,GLN,11.33,9.35,0,0,12.68
37,ARG,14.85,12.77,0,0,16.17
38,ILE,12.84,10.02,0,0,13.99
39,HIS,18.56,15.8,0,0,19.74
40,ALA,18.74,15.36,0,0,19.84
41,PRO,18.69,14.11,0,0,19.66
42,PRO,17.19,11.88,0,0,18.04
43,GLU,18.16,12.24,0,0,18.93
44,LEU,16.02,10.41,0,0,16.87
45,VAL,13.12,8.0,0,0,13.96
46,TRP,12.51,6.72,0,0,13.62
47,SER,14.85,7.53,0,0,15.44
48,ILE,11.18,4.0,0,4,11.74
49,VAL,9.46,2.96,0,186,10.1
50,ARG,11.64,3.93,0,15,12.27
51,ARG,9.4,2.99,0,129,11.1
52,PHE,7.89,2.93,0,982,9.7
53,ASP,9.72,4.51,0,0,12.28
54,LYS,8.37,4.28,0,2,10.45
55,PRO,4.78,3.1,0,693,6.87
56,GLN,6.75,5.33,0,0,8.9
57,THR,8.76,5.82,0,0,10.81
58,TYR,5.3,2.93,0,674,6.06
63,LYS,6.46,6.46,0,0,8.58
64,SER,7.06,6.85,0,0,9.36
65,CYS,7.08,3.69,0,15,10.25
66,SER,9.83,6.55,0,0,12.55
67,VAL,11.0,5.67,0,0,13.89
68,GLU,14.76,9.7,0,0,17.78
71,PHE,17.59,11.84,0,0,20.15
72,GLU,17.46,10.93,0,0,19.59
73,MET,12.97,7.13,0,0,15.47
74,ARG,15.18,8.29,0,0,16.59
75,VAL,15.72,8.63,0,0,16.77
76,GLY,14.97,9.15,0,0,16.39
77,CYS,11.98,7.14,0,0,14.01
78,THR,10.61,5.75,0,0,13.17
80,ASP,7.27,5.3,0,0,9.54
82,ILE,5.79,5.79,0,0,7.08
84,ILE,5.86,5.86,0,0,7.02
85,SER,8.09,8.29,0,0,9.15
86,GLY,7.0,7.76,0,0,8.61
90,ASN,4.67,4.67,0,0,5.77
93,THR,5.78,4.97,0,0,6.81
95,ARG,8.81,4.97,0,0,10.39
96,LEU,10.65,3.01,0,35,11.73
97,ASP,10.13,5.21,0,0,11.2
98,ILE,11.55,4.82,0,0,12.71
99,LEU,12.82,4.63,0,0,13.72
100,ASP,15.05,8.29,0,0,16.27
101,ASP,16.99,9.14,0,0,17.92
102,GLU,19.41,12.84,0,0,20.61
103,ARG,16.84,11.75,0,0,18.18
104,ARG,13.67,8.66,0,0,14.98
105,VAL,12.09,6.57,0,0,13.43
106,THR,8.63,2.93,0,362,9.77
107,GLY,7.84,2.92,0,339,9.07
109,SER,7.18,3.28,0,71,8.57
111,ILE,7.16,6.13,0,0,8.29
112,GLY,5.13,5.13,0,0,6.47
113,GLY,5.93,5.93,0,0,7.39
118,THR,6.67,6.67,0,0,8.38
119,ASN,8.62,7.92,0,0,9.94
121,LYS,6.84,4.47,0,1,8.21
123,VAL,6.75,3.3,0,18,8.37
124,THR,5.7,2.92,0,216,7.06
125,THR,10.24,6.33,0,0,11.62
126,VAL,12.45,7.36,0,0,13.5
127,HIS,14.98,11.44,0,0,16.32
128,ARG,19.42,14.9,0,0,20.53
129,PHE,19.88,16.5,0,0,20.95
130,GLU,25.36,21.24,0,0,26.35
131,LYS,28.15,24.31,0,0,29.18
132,GLU,31.29,27.58,0,0,32.34
133,ASN,29.82,25.87,0,0,30.91
134,ARG,24.1,21.39,0,0,25.26
135,ILE,23.36,19.35,0,0,24.45
136,TRP,20.28,16.5,0,0,21.33
137,THR,15.9,11.78,0,0,16.9
138,VAL,14.67,11.11,0,0,15.65
139,VAL,9.88,6.7,0,0,10.84
140,LEU,9.4,6.91,0,0,10.71
142,SER,6.44,5.56,0,0,8.07
143,TYR,4.58,4.58,0,0,6.46
144,VAL,7.72,7.41,0,0,8.67
145,VAL,6.05,6.05,0,0,7.54
146,ASP,7.89,7.89,0,0,10.29
147,MET,8.98,8.98,0,0,12.35
148,PRO,5.92,5.92,0,0,9.2
149,GLU,9.51,9.51,0,0,12.74
150,GLY,11.69,11.69,0,0,14.56
151,ASN,7.91,7.91,0,0,10.71
152,SER,10.71,10.71,0,0,13.44
153,GLU,10.73,10.73,0,0,12.52
154,ASP,10.68,10.68,0,0,12.59
155,ASP,8.29,8.29,0,0,10.42
156,THR,5.92,5.92,0,0,7.75
157,ARG,7.02,7.02,0,0,8.58
158,MET,6.95,6.95,0,0,8.82
161,ASP,4.9,4.9,0,0,6.5
162,THR,6.01,6.01,0,0,7.37
165,LYS,6.33,6.33,0,0,7.86
166,LEU,6.92,6.68,0,0,8.5
168,LEU,6.67,4.88,0,0,8.04
169,GLN,9.41,7.68,0,0,10.79
170,LYS,7.84,7.84,0,0,10.86
171,LEU,9.31,6.48,0,0,10.45
172,ALA,11.92,9.23,0,0,13.1
173,THR,13.86,11.6,0,0,15.3
174,VAL,12.1,10.16,0,0,14.26
175,ALA,15.06,11.87,0,0,16.13
176,GLU,17.29,14.48,0,0,18.41
177,ALA,18.56,16.29,0,0,20.18
178,MET,17.13,11.89,0,0,18.09
179,ALA,20.85,16.67,0,0,21.89
180,ARG,23.24,19.42,0,0,24.31
181,ASN,22.44,17.86,0,0,23.98
