variant,mutations,n_cav,n_rat,cavity_A3,cavity_sd,d_cavity_A3,score_ref2015,score_sd,d_score_ref2015,ca_rmsd_to_input,dG_separated,dG_sd,d_dG_separated,dSASA,d_dSASA,sc_value,d_sc_value,gate_rmsd,latch_rmsd,w385_aba_min_dist,verdict
E141A,E141A,3,3,211.5417,4.6340,37.1250,-508.0496,1.3269,2.5310,0.0756,-70.6300,3.1098,-3.3292,1794.6146,-2.8498,0.7522,-0.0019,0.1801,1.2275,4.6304,opens cavity, readout untested
E141G,E141G,3,3,220.3333,8.9638,45.9167,-503.8616,0.8801,6.7189,0.0762,-68.6665,4.0675,-1.3658,1826.9856,29.5213,0.7557,0.0016,0.1769,1.7075,4.5344,opens cavity, readout untested
E141L,E141L,3,3,187.8750,6.4384,13.4583,-508.5561,1.7182,2.0244,0.0753,-74.1660,1.4368,-6.8653,1816.7450,19.2806,0.7575,0.0033,0.1830,1.7024,4.5738,little volume, readout untested
E141S,E141S,3,3,209.2500,9.3098,34.8333,-509.8923,2.4265,0.6883,0.0765,-72.3699,3.6878,-5.0692,1802.3871,4.9228,0.7542,0.0001,0.1817,1.4654,4.6126,opens cavity, readout untested
E141V,E141V,3,3,196.0833,14.6828,21.6667,-508.6227,1.2923,1.9578,0.0760,-69.9350,2.4587,-2.6342,1827.4493,29.9850,0.7496,-0.0046,0.1778,1.2740,4.5738,little volume, readout untested
E141W,E141W,3,3,143.8750,2.5372,-30.5417,-508.2210,0.8113,2.3595,0.0779,-67.1344,3.7404,0.1663,1812.3158,14.8514,0.7547,0.0006,0.1775,1.2289,4.4838,no gain
E94A,E94A,3,3,182.1667,4.9408,7.7500,-503.6614,1.1624,6.9191,0.0782,-68.9385,2.7490,-1.6378,1829.0875,31.6231,0.7498,-0.0043,0.1798,1.2817,4.5859,little volume, readout untested
E94G,E94G,3,3,172.5833,16.0402,-1.8333,-498.8752,1.5652,11.7054,0.0769,-65.8695,5.0469,1.4312,1820.9502,23.4859,0.7524,-0.0017,0.1789,1.4711,4.5877,no gain
E94L,E94L,3,3,145.9583,3.6919,-28.4583,-504.7817,0.2476,5.7989,0.0762,-71.3020,3.7070,-4.0013,1819.6709,22.2066,0.7536,-0.0006,0.1760,1.0434,4.6170,no gain
E94S,E94S,3,3,181.3333,7.3382,6.9167,-502.6707,2.6269,7.9098,0.0776,-66.4813,3.5036,0.8194,1807.2749,9.8106,0.7568,0.0027,0.1735,1.2310,4.5966,little volume, readout untested
E94V,E94V,3,3,171.4167,6.8401,-3.0000,-508.4422,2.0197,2.1384,0.0762,-68.1320,0.5863,-0.8312,1803.4752,6.0109,0.7530,-0.0012,0.1768,1.2347,4.5819,no gain
F108A,F108A,3,3,240.2917,0.8036,65.8750,-508.1971,1.3555,2.3834,0.0757,-68.9376,2.0760,-1.6369,1805.3570,7.8927,0.7611,0.0070,0.1745,1.2272,4.5879,opens cavity, readout untested
F108A_R79A,F108A+R79A,3,3,262.9167,4.2836,88.5000,-502.9910,1.3587,7.5895,0.0765,-67.8859,4.0236,-0.5851,1826.7872,29.3229,0.7527,-0.0015,0.1814,1.4623,4.6180,opens cavity, readout untested
F108A_R79A_E94A,F108A+R79A+E94A,3,3,313.6667,5.0255,139.2500,-500.4711,1.3265,10.1094,0.0767,-68.8030,4.8074,-1.5023,1816.0510,18.5867,0.7500,-0.0041,0.1771,1.0452,4.6640,opens cavity, readout untested
F108G,F108G,3,3,249.2500,3.1893,74.8333,-506.9059,1.9658,3.6747,0.0811,-70.6643,3.7393,-3.3636,1810.8495,13.3851,0.7465,-0.0076,0.1768,1.0383,4.5936,opens cavity, readout untested
F108L,F108L,3,3,198.2500,20.5715,23.8333,-507.1011,0.2897,3.4794,0.0779,-71.9754,1.4669,-4.6747,1803.1264,5.6620,0.7552,0.0011,0.1780,1.2322,4.5737,little volume, readout untested
F108S,F108S,3,3,226.8750,8.0263,52.4583,-507.6735,0.5559,2.9071,0.0764,-67.0661,1.9688,0.2346,1828.1262,30.6618,0.7576,0.0035,0.1766,1.2739,4.5931,opens cavity, readout untested
F108V,F108V,3,3,222.7083,7.6468,48.2917,-511.6666,3.0109,-1.0861,0.0805,-68.7101,1.3354,-1.4094,1804.5695,7.1052,0.7432,-0.0109,0.1813,1.0462,4.6089,opens cavity, readout untested
F108Y,F108Y,3,3,161.5417,5.1255,-12.8750,-509.1632,1.6473,1.4173,0.0752,-66.9013,4.7371,0.3994,1832.7656,35.3012,0.7440,-0.0101,0.1792,0.6665,4.4778,no gain
K59A,K59A,3,3,242.3750,1.1924,67.9583,-512.9779,2.7804,-2.3973,0.0770,-69.1687,4.8503,-1.8680,1820.0551,22.5908,0.7541,-0.0000,0.1793,1.7083,4.6628,opens cavity, readout untested
K59A_F108A,K59A+F108A,3,3,304.6250,3.9051,130.2083,-507.5994,1.7929,2.9811,0.0753,-72.4613,0.8202,-5.1606,1808.1247,10.6604,0.7587,0.0046,0.1807,1.2243,4.6101,opens cavity, readout untested
K59A_F108A_R79A_E94A,K59A+F108A+R79A+E94A,3,3,382.3750,1.5662,207.9583,-498.8445,0.3379,11.7361,0.0785,-68.0179,0.8758,-0.7172,1806.7300,9.2657,0.7532,-0.0009,0.1803,1.2349,4.6709,opens cavity, readout untested
K59D,K59D,3,3,216.1250,1.8157,41.7083,-512.5653,1.0446,-1.9848,0.0771,-68.7686,0.5769,-1.4679,1811.3089,13.8446,0.7541,-0.0001,0.1772,1.2292,4.5937,opens cavity, readout untested
K59G,K59G,3,3,253.8750,1.3170,79.4583,-505.6278,1.3272,4.9527,0.0774,-72.6133,3.2983,-5.3125,1803.4759,6.0116,0.7454,-0.0088,0.1820,1.0450,4.6351,opens cavity, readout untested
K59L,K59L,3,3,213.2500,0.8197,38.8333,-511.4961,0.4660,-0.9155,0.0749,-69.8916,1.8686,-2.5909,1807.7513,10.2869,0.7491,-0.0050,0.1788,1.2325,4.6432,opens cavity, readout untested
K59L_F108Y,K59L+F108Y,3,3,202.8750,3.8304,28.4583,-513.7184,0.8065,-3.1379,0.0761,-70.7663,0.5086,-3.4656,1814.8862,17.4218,0.7513,-0.0029,0.1790,1.0436,4.6477,opens cavity, readout untested
K59L_F108Y_E141W,K59L+F108Y+E141W,3,3,157.0417,3.7130,-17.3750,-511.3056,1.5123,-0.7250,0.0794,-67.4543,2.5196,-0.1536,1808.9205,11.4562,0.7481,-0.0060,0.1806,1.0419,4.6299,no gain
K59S,K59S,3,3,228.3333,12.7183,53.9167,-508.9934,1.3658,1.5871,0.0756,-72.9263,3.2397,-5.6255,1804.5260,7.0617,0.7523,-0.0019,0.1848,1.2268,4.6090,opens cavity, readout untested
K59V,K59V,3,3,227.5417,3.9377,53.1250,-513.1683,0.6645,-2.5878,0.0767,-68.1665,0.9350,-0.8657,1808.7790,11.3147,0.7444,-0.0098,0.1793,1.0391,4.5927,opens cavity, readout untested
R79A,R79A,3,3,171.6250,3.0026,-2.7917,-503.0353,0.7703,7.5452,0.0767,-71.9083,4.4878,-4.6075,1800.9088,3.4445,0.7512,-0.0029,0.1807,1.2329,4.6377,no gain
R79A_E94A,R79A+E94A,3,3,255.3750,2.5526,80.9583,-500.2922,2.6970,10.2883,0.0769,-69.7442,2.5676,-2.4435,1812.6148,15.1505,0.7533,-0.0008,0.1790,1.4670,4.6377,opens cavity, readout untested
R79G,R79G,3,3,171.5833,3.1853,-2.8333,-499.9454,1.7343,10.6352,0.0747,-69.6500,2.7279,-2.3493,1822.7553,25.2910,0.7598,0.0056,0.1788,1.4623,4.6051,no gain
R79L,R79L,3,3,173.6250,2.9235,-0.7917,-501.6656,2.5225,8.9149,0.0778,-72.1773,3.1287,-4.8766,1811.5885,14.1241,0.7626,0.0085,0.1807,1.5905,4.6041,no gain
R79S,R79S,3,3,169.9583,1.0777,-4.4583,-502.5424,3.4758,8.0382,0.0782,-69.3544,2.8156,-2.0536,1827.5088,30.0445,0.7535,-0.0006,0.1776,1.0414,4.6565,no gain
R79V,R79V,3,3,174.9167,2.0628,0.5000,-503.4083,2.5107,7.1722,0.0813,-70.2570,3.7406,-2.9563,1813.2232,15.7589,0.7528,-0.0013,0.1820,1.2245,4.6120,little volume, readout untested
WT,,3,3,174.4167,4.7275,0.0000,-510.5805,1.0307,0.0000,0.0747,-67.3007,4.2973,0.0000,1797.4643,0.0000,0.7541,0.0000,0.1787,1.2289,4.5953,reference
Y120A,Y120A,3,3,209.5833,6.1800,35.1667,-503.0180,1.9895,7.5626,0.0766,-71.3250,5.6917,-4.0242,1810.0475,12.5832,0.7548,0.0007,0.1771,1.0374,4.6345,opens cavity, readout untested
Y120G,Y120G,3,3,225.1250,6.1084,50.7083,-502.0605,1.5803,8.5200,0.0748,-70.0590,0.9435,-2.7583,1794.2369,-3.2274,0.7515,-0.0026,0.1827,1.2296,4.6302,opens cavity, readout untested
Y120L,Y120L,3,3,194.0000,8.8926,19.5833,-501.6938,2.0576,8.8867,0.0789,-66.5053,2.0402,0.7954,1815.4906,18.0263,0.7528,-0.0013,0.1780,1.2475,4.7484,little volume, readout untested
Y120S,Y120S,3,3,206.7917,5.6074,32.3750,-504.2789,1.3708,6.3016,0.0750,-67.2154,2.9324,0.0853,1813.2581,15.7938,0.7596,0.0055,0.1773,1.3787,4.6006,opens cavity, readout untested
Y120V,Y120V,3,3,206.4167,3.1730,32.0000,-503.5772,1.1069,7.0034,0.0831,-69.7620,0.8210,-2.4612,1802.1026,4.6383,0.7515,-0.0026,0.1813,1.4005,4.6520,opens cavity, readout untested
