variant,cavity_A3,lobe2_A3,frac_lobe2,merged
K59A_F108A_R79A_E94A,410.25,59.88,0.1459,1
F108A_R79A_E94A,325.50,56.38,0.1732,1
F108A,251.75,55.00,0.2185,1
F108A_R79A,273.75,54.88,0.2005,1
K59A_F108A,320.75,52.38,0.1633,1
F108V,226.75,51.00,0.2249,1
F108S,237.00,50.00,0.2110,1
F108G,263.12,49.50,0.1881,1
F108L,221.62,49.50,0.2234,1
K59L,224.38,42.50,0.1894,1
K59L_F108Y,209.88,42.38,0.2019,1
R79A_E94A,265.75,41.88,0.1576,1
E141G,236.38,41.25,0.1745,1
K59G,263.88,40.88,0.1549,1
E141S,226.50,40.75,0.1799,1
E141L,202.50,39.75,0.1963,1
K59D,228.50,38.12,0.1668,1
WT,178.00,38.12,0.2142,1
E94S,192.75,37.88,0.1965,1
Y120G,237.62,37.38,0.1573,1
K59A,249.88,37.00,0.1481,1
Y120S,222.62,37.00,0.1662,1
K59V,234.50,36.75,0.1567,1
E141A,224.62,36.50,0.1625,1
E141V,210.12,33.50,0.1594,1
E94G,192.75,31.88,0.1654,1
F108Y,165.25,31.75,0.1921,1
E94A,190.50,30.75,0.1614,1
E94V,184.25,30.62,0.1662,1
K59S,246.25,30.62,0.1244,1
E141W,151.50,30.38,0.2005,1
Y120V,222.75,30.25,0.1358,1
Y120A,234.62,30.12,0.1284,1
Y120L,211.88,26.12,0.1233,0
E94L,173.12,25.12,0.1451,1
K59L_F108Y_E141W,158.88,0.00,0.0000,0
R79A,170.50,0.00,0.0000,0
R79G,170.88,0.00,0.0000,0
R79L,173.00,0.00,0.0000,0
R79S,171.12,0.00,0.0000,0
R79V,176.75,0.00,0.0000,0
