variant,mutations,n,dE_close,sd,sem,ddE_switch,score_closed,score_open,verdict
K59V,59V,12,-10.7369,2.7487,0.7935,-5.2478,-507.6383,-496.9014,closed state FAVOURED -- constitutive risk
K59D,59D,12,-10.1968,2.2289,0.6434,-4.7077,-507.4569,-497.2602,closed state FAVOURED -- constitutive risk
R79G,79G,12,-6.7048,2.9074,0.8393,-1.2158,-493.8939,-487.1891,switch preserved (within noise of WT)
R79A,79A,12,-6.5500,1.9782,0.5711,-1.0610,-499.6076,-493.0576,switch preserved (within noise of WT)
F108V,108V,12,-6.3175,2.4653,0.7117,-0.8285,-503.7231,-497.4055,switch preserved (within noise of WT)
R79V,79V,12,-6.0200,1.3225,0.3818,-0.5310,-498.3744,-492.3544,switch preserved (within noise of WT)
E141L,141L,12,-6.0077,2.1078,0.6085,-0.5187,-503.7281,-497.7204,switch preserved (within noise of WT)
F108S,108S,12,-5.5442,2.2859,0.6599,-0.0552,-502.1853,-496.6410,switch preserved (within noise of WT)
K59L,59L,12,-5.5176,2.2546,0.6509,-0.0286,-505.3322,-499.8146,switch preserved (within noise of WT)
WT,,12,-5.4890,3.0207,0.8720,0.0000,-504.0468,-498.5578,reference
K59A_F108A,59A+108A,12,-5.3914,1.9305,0.5573,0.0977,-503.2922,-497.9009,switch preserved (within noise of WT)
R79S,79S,12,-5.3547,2.2085,0.6375,0.1344,-496.8834,-491.5288,switch preserved (within noise of WT)
E141A,141A,12,-5.3322,1.7957,0.5184,0.1569,-502.9126,-497.5804,switch preserved (within noise of WT)
Y120G,120G,12,-5.1501,1.9148,0.5528,0.3389,-496.1224,-490.9723,switch preserved (within noise of WT)
K59L_F108Y,59L+108Y,12,-5.1066,2.2471,0.6487,0.3824,-504.7596,-499.6530,switch preserved (within noise of WT)
F108G,108G,12,-5.0372,1.8524,0.5347,0.4519,-501.3009,-496.2637,switch preserved (within noise of WT)
F108A,108A,12,-4.9846,1.4247,0.4113,0.5044,-502.7199,-497.7353,switch preserved (within noise of WT)
E141S,141S,12,-4.9526,2.1089,0.6088,0.5364,-502.9089,-497.9563,switch preserved (within noise of WT)
K59A,59A,12,-4.8757,2.0468,0.5908,0.6134,-504.7601,-499.8844,switch preserved (within noise of WT)
F108A_R79A,108A+79A,12,-4.7399,2.4250,0.7000,0.7491,-497.8346,-493.0947,switch preserved (within noise of WT)
K59S,59S,12,-4.6551,1.8337,0.5294,0.8339,-503.9045,-499.2494,switch preserved (within noise of WT)
Y120A,120A,12,-4.5238,2.1208,0.6122,0.9653,-498.6986,-494.1749,switch preserved (within noise of WT)
Y120S,120S,12,-4.4144,2.0749,0.5990,1.0747,-498.2855,-493.8711,switch preserved (within noise of WT)
E141W,141W,12,-4.3436,2.6390,0.7618,1.1455,-502.8835,-498.5399,switch preserved (within noise of WT)
F108Y,108Y,12,-4.2476,1.5466,0.4465,1.2414,-503.1066,-498.8590,closing DESTABILISED -- dead-receptor risk
R79L,79L,12,-4.2180,1.9028,0.5493,1.2710,-494.4989,-490.2809,closing DESTABILISED -- dead-receptor risk
E94G,94G,12,-4.0761,2.2790,0.6579,1.4130,-494.3919,-490.3158,closing DESTABILISED -- dead-receptor risk
E141G,141G,12,-4.0360,1.9619,0.5663,1.4530,-496.6193,-492.5833,closing DESTABILISED -- dead-receptor risk
E94A,94A,12,-3.8507,1.4468,0.4176,1.6383,-498.9132,-495.0625,closing DESTABILISED -- dead-receptor risk
Y120V,120V,12,-3.8005,2.2931,0.6620,1.6885,-498.1813,-494.3808,closing DESTABILISED -- dead-receptor risk
F108L,108L,12,-3.5691,2.0719,0.5981,1.9200,-500.7590,-497.1899,closing DESTABILISED -- dead-receptor risk
R79A_E94A,79A+94A,12,-3.5072,3.0648,0.8847,1.9818,-494.5937,-491.0865,closing DESTABILISED -- dead-receptor risk
E94S,94S,12,-3.3242,2.3772,0.6862,2.1649,-496.6222,-493.2981,closing DESTABILISED -- dead-receptor risk
E141V,141V,12,-3.1762,1.9777,0.5709,2.3128,-503.2912,-500.1150,closing DESTABILISED -- dead-receptor risk
F108A_R79A_E94A,108A+79A+94A,12,-2.4440,1.7243,0.4978,3.0451,-493.6458,-491.2019,closing DESTABILISED -- dead-receptor risk
K59A_F108A_R79A_E94A,59A+108A+79A+94A,12,-2.4240,2.1316,0.6153,3.0651,-492.1152,-489.6912,closing DESTABILISED -- dead-receptor risk
E94V,94V,12,-2.3345,2.4222,0.6992,3.1546,-501.7799,-499.4454,closing DESTABILISED -- dead-receptor risk
E94L,94L,12,-2.1589,2.7822,0.8032,3.3301,-499.1363,-496.9774,closing DESTABILISED -- dead-receptor risk
K59G,59G,12,-1.8700,2.0218,0.5836,3.6191,-499.3518,-497.4818,closing DESTABILISED -- dead-receptor risk
K59L_F108Y_E141W,59L+108Y+141W,12,-1.6073,1.7437,0.5034,3.8818,-503.6698,-502.0625,closing DESTABILISED -- dead-receptor risk
Y120L,120L,12,-1.4258,2.6515,0.7654,4.0632,-498.4741,-497.0483,closing DESTABILISED -- dead-receptor risk
