variant,cavity_A3,strict_overlap_A3,beyond_wall_A3,d_cavity_A3,d_beyond_wall_A3,reaches_satellite,n_components
K59A_F108A_R79A_E94A,410.25,30.38,138.25,232.25,83.88,1,27
F108A_R79A_E94A,325.50,32.50,102.00,147.50,47.62,1,44
E141G,236.38,32.00,93.25,58.38,38.88,1,33
K59A_F108A,320.75,31.75,89.62,142.75,35.25,1,26
F108A,251.75,35.50,89.50,73.75,35.12,1,41
F108A_R79A,273.75,32.25,87.25,95.75,32.88,1,49
E141A,224.62,25.50,85.25,46.62,30.88,1,37
E141S,226.50,31.38,82.50,48.50,28.12,1,35
F108S,237.00,29.62,81.75,59.00,27.38,1,37
F108V,226.75,33.38,77.75,48.75,23.38,1,42
E141V,210.12,24.62,76.12,32.12,21.75,1,33
F108L,221.62,33.38,74.00,43.62,19.62,1,37
F108G,263.12,31.75,73.25,85.12,18.88,1,40
R79A_E94A,265.75,30.00,66.25,87.75,11.88,1,37
E141L,202.50,31.62,62.75,24.50,8.38,1,35
K59G,263.88,32.62,59.00,85.88,4.62,1,34
E94S,192.75,30.75,55.12,14.75,0.75,1,46
K59D,228.50,28.75,55.12,50.50,0.75,1,33
Y120G,237.62,29.75,54.88,59.62,0.50,1,47
Y120S,222.62,29.50,54.62,44.62,0.25,1,44
WT,178.00,31.12,54.38,0.00,0.00,1,46
K59L,224.38,33.00,53.62,46.38,-0.75,1,38
K59A,249.88,30.25,53.12,71.88,-1.25,1,31
K59L_F108Y,209.88,32.50,52.88,31.88,-1.50,1,36
E94G,192.75,23.38,52.12,14.75,-2.25,1,35
F108Y,165.25,23.88,52.00,-12.75,-2.38,1,40
K59V,234.50,27.88,51.50,56.50,-2.88,1,30
K59S,246.25,23.12,51.25,68.25,-3.12,1,27
E94A,190.50,24.88,51.00,12.50,-3.38,1,39
Y120A,234.62,21.88,51.00,56.62,-3.38,1,36
Y120V,222.75,22.12,50.62,44.75,-3.75,1,38
E94V,184.25,24.38,46.00,6.25,-8.38,1,36
E94L,173.12,18.12,44.38,-4.88,-10.00,1,41
Y120L,211.88,20.88,41.88,33.88,-12.50,0,44
E141W,151.50,24.88,40.50,-26.50,-13.88,1,29
K59L_F108Y_E141W,158.88,0.00,0.00,-19.12,-54.38,0,24
R79A,170.50,0.00,0.00,-7.50,-54.38,0,46
R79G,170.88,0.00,0.00,-7.12,-54.38,0,47
R79L,173.00,0.00,0.00,-5.00,-54.38,0,44
R79S,171.12,0.00,0.00,-6.88,-54.38,0,45
R79V,176.75,0.00,0.00,-1.25,-54.38,0,47
