variant,mutations,verdict,reason,extra
F108A_R79A,F108A+R79A,NOVEL-POSITION,position(s) never randomised: 79,
F108A_R79A_E94A,F108A+R79A+E94A,NOVEL-POSITION,position(s) never randomised: 79,
K59A_F108A_R79A_E94A,K59A+F108A+R79A+E94A,NOVEL-POSITION,position(s) never randomised: 79,
R79A,R79A,NOVEL-POSITION,position(s) never randomised: 79,
R79A_E94A,R79A+E94A,NOVEL-POSITION,position(s) never randomised: 79,
R79G,R79G,NOVEL-POSITION,position(s) never randomised: 79,
R79L,R79L,NOVEL-POSITION,position(s) never randomised: 79,
R79S,R79S,NOVEL-POSITION,position(s) never randomised: 79,
R79V,R79V,NOVEL-POSITION,position(s) never randomised: 79,
E141V,E141V,NOVEL-UNRECOVERED,allowed but never recovered in a hit: E141V,
E94V,E94V,NOVEL-UNRECOVERED,allowed but never recovered in a hit: E94V,
F108A,F108A,NOVEL-UNRECOVERED,allowed but never recovered in a hit: F108A,
F108G,F108G,NOVEL-UNRECOVERED,allowed but never recovered in a hit: F108G,
F108S,F108S,NOVEL-UNRECOVERED,allowed but never recovered in a hit: F108S,
F108V,F108V,NOVEL-UNRECOVERED,allowed but never recovered in a hit: F108V,
F108Y,F108Y,NOVEL-UNRECOVERED,allowed but never recovered in a hit: F108Y,
K59A_F108A,K59A+F108A,NOVEL-UNRECOVERED,allowed but never recovered in a hit: F108A,
K59G,K59G,NOVEL-UNRECOVERED,allowed but never recovered in a hit: K59G,
K59L_F108Y,K59L+F108Y,NOVEL-UNRECOVERED,allowed but never recovered in a hit: F108Y,
K59L_F108Y_E141W,K59L+F108Y+E141W,NOVEL-UNRECOVERED,allowed but never recovered in a hit: F108Y,
K59S,K59S,NOVEL-UNRECOVERED,allowed but never recovered in a hit: K59S,
K59V,K59V,NOVEL-UNRECOVERED,allowed but never recovered in a hit: K59V,
E141A,E141A,NOVEL-COMBO,"all substitutions individually recovered, never together",position set never co-occurred either
E141G,E141G,NOVEL-COMBO,"all substitutions individually recovered, never together",position set never co-occurred either
E141L,E141L,NOVEL-COMBO,"all substitutions individually recovered, never together",position set never co-occurred either
E141S,E141S,NOVEL-COMBO,"all substitutions individually recovered, never together",position set never co-occurred either
E141W,E141W,NOVEL-COMBO,"all substitutions individually recovered, never together",position set never co-occurred either
E94A,E94A,NOVEL-COMBO,"all substitutions individually recovered, never together",position set also co-occurred (different residues)
E94L,E94L,NOVEL-COMBO,"all substitutions individually recovered, never together",position set also co-occurred (different residues)
E94S,E94S,NOVEL-COMBO,"all substitutions individually recovered, never together",position set also co-occurred (different residues)
F108L,F108L,NOVEL-COMBO,"all substitutions individually recovered, never together",position set never co-occurred either
K59A,K59A,NOVEL-COMBO,"all substitutions individually recovered, never together",position set never co-occurred either
K59D,K59D,NOVEL-COMBO,"all substitutions individually recovered, never together",position set never co-occurred either
K59L,K59L,NOVEL-COMBO,"all substitutions individually recovered, never together",position set never co-occurred either
Y120A,Y120A,NOVEL-COMBO,"all substitutions individually recovered, never together",position set also co-occurred (different residues)
Y120G,Y120G,NOVEL-COMBO,"all substitutions individually recovered, never together",position set also co-occurred (different residues)
Y120L,Y120L,NOVEL-COMBO,"all substitutions individually recovered, never together",position set also co-occurred (different residues)
Y120S,Y120S,NOVEL-COMBO,"all substitutions individually recovered, never together",position set also co-occurred (different residues)
Y120V,Y120V,NOVEL-COMBO,"all substitutions individually recovered, never together",position set also co-occurred (different residues)
E94G,E94G,RETREAD,this exact combination appears in a characterised clone,
WT,,WT,,
