comp,entry,mw_bin,mw,n_heavy,n_rot,length,buried,head,mid,tail,null_gap
014,3OUH,250-320,280.646,19,2,11.556884070389945,0.8614955464398298,0.9924415839042389,0.9867844587360765,0.69254753610733,0.17144059802314587
018,3H7W,250-320,302.277,20,4,9.591409321688946,1.0,1.0,1.0,1.0,0.0
01I,3MA3,250-320,296.23400000000004,22,2,12.562987633839185,0.775246556188228,0.87504609727042,0.9139784946236559,0.5650999977333344,0.14583897853490738
01S,1JAQ,250-320,302.33100000000013,21,8,10.462411422394881,0.7732044592291101,0.9556667137938362,0.8750134332932971,0.4556066966769511,0.12810001664286208
01W,3DS9,250-320,284.22799999999995,19,7,8.875600383350957,0.7029363394484773,0.9028176040620507,0.619086396945693,0.5476915589459357,0.1966225640530205
020,3H82,250-320,286.20899999999995,20,4,9.149803454976958,1.0,1.0,1.0,1.0,0.0
028,2Z50,250-320,276.162,16,7,9.06130318179584,0.7919591634646037,0.8425196850393701,0.6583413703319689,0.7808702500355003,0.1047420114392608
03K,4EK5,250-320,270.29200000000003,20,4,12.533817573337839,0.803677944617625,0.9303452837197503,0.8763207213270747,0.5913423355241936,0.16006248822492458
041,1X7B,250-320,271.247,20,2,11.543762823831191,0.9951293015815847,1.0,0.9412906807852376,1.0,0.010259156997828905
043,3SAZ,250-320,271.06600000000003,15,4,9.751652266781775,0.9874762555424497,0.9924614860661625,1.0,0.9774225553570443,0.017376243570366438
05D,7N3M,250-320,313.40500000000003,23,3,10.3179356959796,0.8788346079027965,0.9246209508976871,0.7692307692307692,0.8904158645781034,0.0902365183930968
05E,7WLD,250-320,303.204,18,6,10.012053792938207,0.3561166288323192,0.7139345395726289,0.37014290154335483,0.0972914761435052,0.19171028075162294
05Q,7OOZ,250-320,260.684,18,3,8.46619893147589,0.8898829689781704,0.8932713655332517,0.9212252788981704,0.860655737704918,0.06552311622737586
05Y,7OPR,250-320,294.358,22,5,9.001374923453872,0.7086099806112052,0.797353903955058,0.6837690251674828,0.6333333333333333,0.18114453325926383
05Z,7OOY,250-320,276.75200000000007,18,3,10.157776221164262,0.7525713053285862,0.9304094160550465,0.9357663257803623,0.4402985074626865,0.20949438812760093
068,2WO9,250-320,312.36499999999995,23,7,14.153942395452956,0.923304444583898,0.94492928316984,1.0,0.860219120049305,0.03454803007095556
06B,4K4Q,250-320,261.07099999999997,14,3,6.93655797077138,0.4997847625576006,0.5414863151572644,0.5593988277777384,0.29924845251861076,0.3155228698426978
06N,7OPG,250-320,274.349,19,4,9.078960843717097,0.9173256007335976,0.9530803102569086,0.9883306871962382,0.8522452457294046,0.10629000429799958
06R,4UI3,250-320,290.244,21,1,11.221420084350882,0.9487775362984163,0.9877414494377522,0.9860961406300864,0.8848494930911653,0.06300476880782538
06Z,3RJC,250-320,313.35699999999997,22,4,11.708671845173837,0.8609663280706807,0.9315092796170058,0.9755442735173239,0.6807394450220696,0.12719213948452016
077,2WO8,250-320,270.328,20,6,11.996797746690781,0.8865820458545378,0.8955223880597015,1.0,0.8242496541864329,0.05347183154147041
07C,7OPS,250-320,272.28900000000004,19,2,8.911011388215842,0.9296284978323318,1.0,0.9470319132987136,0.8447581795022908,0.06000529148477167
07O,3U19,250-320,253.323,16,5,10.400905992601782,0.9370397501973267,0.9922719085161236,0.9823391584173182,0.8809523809523809,0.04329416412558551
07U,3TXO,250-320,293.374,22,4,8.986354720869604,0.9205838588446718,1.0,0.9026448487120197,0.8736073552499439,0.09305865810476724
07Y,7EXU,250-320,271.22499999999997,19,4,9.167760418011277,0.929955472637107,0.9942988914986726,1.0,0.7896357615801137,0.09824872553389101
08C,4BU9,250-320,252.273,19,2,11.221225720674365,0.9287381307090694,0.9877329714240782,0.985490945051295,0.8149045684305042,0.07437369759034528
08D,3TZF,250-320,253.28300000000002,17,3,9.253395395990117,0.7281339277376708,0.9076630024368424,0.966955999837829,0.3689375114595793,0.2738804757955994
08G,7OPM,250-320,311.34499999999997,23,4,11.671401982478582,0.8735971212920168,0.9796641731825252,0.8833854916164174,0.7805017320796377,0.11639587363492851
08H,3U5J,250-320,308.77200000000005,22,1,8.157824960964573,0.7657600175366832,0.9441325355312132,0.6166951682559926,0.6230769230769231,0.1334502174043771
08U,7EXV,250-320,270.079,13,3,6.833091196281096,0.956537102294433,0.9575637658852881,0.9678165744037891,0.9507389878138321,0.04257447717972429
095,3UDK,250-320,316.357,23,2,11.067598403901744,0.7989645355455977,0.7965304401683263,0.8473319667664635,0.7574940887606965,0.10212101464522294
09Q,3U8L,250-320,253.34900000000002,19,2,9.381745125931818,0.9385654360543002,0.9736544059819028,0.97618544467383,0.8794326241134751,0.04640505344914208
09X,7EXW,250-320,270.079,13,3,6.598719954188153,0.8293499501399144,0.9352392744816532,0.9008869352268986,0.6509730530834058,0.16484574465024887
09Z,3RK9,250-320,262.33799999999997,18,4,9.593716871047754,0.8897171103953857,0.89146447792847,0.9697735599824368,0.8489994661200498,0.11054257322122465
0B4,3WB5,250-320,257.337,19,2,7.680580855522599,0.7163043576778446,0.7284477091795594,0.9743589743589743,0.6147540983606558,0.1663949860122827
0BJ,7F0Y,250-320,302.282,22,3,8.789060780073848,0.9470964988184015,0.982447014092801,0.8861581703998499,0.977108582971263,0.06976688079165197
0BX,3UNJ,250-320,306.32500000000005,23,5,13.172702879392606,0.8814458616097302,0.9229638111685736,1.0,0.7701943668375695,0.08117333423425413
0CH,3UV6,250-320,250.08,14,7,6.537257452144555,0.9628194321776317,1.0,1.0,0.8819189890532502,0.04815020659723042
0CJ,3UTD,250-320,262.091,15,7,7.202474007731226,0.955044469019511,1.0,0.9397650020245478,0.897677306807089,0.054370992726696175
0CP,3KKT,250-320,316.401,23,4,10.349941901322962,0.9234452699614448,1.0,0.9433962264150944,0.7919636171838333,0.1017125114087869
0CV,3UUO,250-320,311.38900000000007,23,2,7.767944696525588,0.7592047621238646,0.8302061975318193,0.9435528769492716,0.6278081808634711,0.15816209047608587
0D1,3UUC,250-320,281.138,18,2,9.42387081539123,0.965766559618337,1.0,1.0,0.9213042092665016,0.0732292288139816
0DJ,3UWO,250-320,268.276,20,2,11.720558735206229,0.9797608920965912,1.0,1.0,0.9514373388598143,0.023423198862862857
0E0,5C5P,250-320,273.332,20,2,10.749152649045806,0.9379786690746581,0.9869602301946793,1.0,0.8464610708814195,0.09238776689925224
0ER,7F11,250-320,318.281,23,3,8.933508529940582,0.9746800996376628,0.9837469049777429,0.9935067684536659,0.9464824992123929,0.021227562381121952
0F3,3V5G,250-320,251.289,15,3,8.958327247482945,0.7659183368754043,0.9932010157108296,0.9365079365079365,0.4369030892253124,0.23367798084476082
0FS,3VC4,250-320,273.235,18,1,8.600927518318688,0.892097502267351,0.9758356036578747,0.6981132075471699,0.8775696546005918,0.08214094720063096
0FZ,3VBD,250-320,316.38200000000006,22,3,12.417348022935322,0.7053219359810461,0.9799082259611646,0.6986394213747409,0.4347151016215922,0.16161544242105355
0GW,7N5X,250-320,256.265,19,3,9.566080330231436,0.7966247557699407,0.9700258108681191,0.7273026699164415,0.6984594433288933,0.12938930869432447
0H5,3VEY,250-320,255.28100000000003,19,3,10.47769008590518,0.8995732294515367,0.9567517316665788,1.0,0.7944117488256573,0.11939536348909
0HD,3V8S,250-320,280.3310000000001,21,4,12.05913531065809,0.8621705154754475,0.9938197667781917,0.8104195504805475,0.7613636363636364,0.07573373086611494
0HV,4DBS,250-320,308.29300000000006,23,4,10.748153629394892,0.857958649452637,0.9304267425246497,0.5738925773702884,0.821645604052256,0.062435560571444906
0HX,4D8S,250-320,287.312,20,6,8.314278204606612,0.8610314899570731,0.9664066480342607,0.8981696531208798,0.7776351385594574,0.09420384532833052
0HY,4D8A,250-320,279.25600000000003,20,3,9.373037020093763,0.747067586025751,1.0,0.9629450427345053,0.4428724235074578,0.20998176614869304
0HZ,1O6I,250-320,254.31399999999996,18,4,10.608851988790182,0.7140413146109452,0.9944443741078697,0.5474852844558264,0.3917361489508261,0.17829648337082293
0IM,7ORZ,250-320,256.183,18,2,8.668532199506824,0.6990626409564249,0.8174603174603174,0.6453461091676777,0.6158199617711004,0.1177500988797032
0J2,4D8Z,250-320,265.229,19,3,8.708319371332056,0.741474768136949,1.0,1.0,0.4304368390635913,0.21422536248304974
0J4,4DAF,250-320,251.202,18,2,9.110043667926076,0.8134475472043696,1.0,0.9565164122375033,0.582339012924515,0.15663495413540635
0J6,4DE1,250-320,305.301,23,3,13.585176859796878,0.7615269933534536,0.836490140266615,0.8329414084178459,0.6557327701983013,0.08560090213557998
0JB,4DE0,250-320,305.301,23,3,11.506135997626167,0.740676165676522,0.818740524020663,0.8440789897312795,0.6200392458920188,0.06642479101229985
023,2WO8,320-400,391.5120000000001,28,10,11.240229850711588,0.7562118084143644,1.0,0.9152127202406533,0.4990046021952459,0.16094179493535074
027,3PIX,320-400,381.48400000000026,28,4,15.011452832332056,0.6349670937167058,0.8820973853338139,0.7688421279401454,0.15182642102867228,0.24761024069650156
035,3PFP,320-400,322.14300000000003,19,10,11.046698001755114,0.9036575625988966,0.9913224012801377,1.0,0.740282224153844,0.09443865544256551
036,3PFP,320-400,322.14300000000003,19,10,11.060349533311866,0.8939271959812141,0.9958486676143297,0.9615384615384616,0.7229205961925427,0.13036319206990882
03G,3TGS,320-400,337.851,23,2,13.840296033046137,0.7687227842203351,0.9938215746626698,0.9702970538470408,0.5091681111547521,0.17700303512526208
03O,3THS,320-400,330.34800000000007,23,4,15.29698590911585,0.8078459458207987,0.8867361760341864,1.0,0.5992365694413921,0.14415927377005416
03U,3U2O,320-400,368.36400000000015,27,5,14.461943642170144,0.9412956797309043,0.950640202658676,0.9767658835165669,0.9183115109748441,0.032294445023279085
03Z,3RAK,320-400,374.4470000000001,25,5,11.907058624739072,0.8711701141134387,0.913317809979068,0.974856918598947,0.7883926009878951,0.08375667512088772
042,2DC7,320-400,374.3900000000001,26,10,13.42965413904603,0.8049380375024531,0.8336334510033093,0.7686432103728568,0.792038994585071,0.07813981014950082
047,2PJL,320-400,332.491,25,5,13.00337264750235,0.9551345360954244,0.9945104248309838,1.0,0.8701298701298701,0.0752780282690612
048,3UVP,320-400,388.442,29,4,15.328666305734782,0.8747474688503563,0.9125867897506116,0.9473380024125881,0.8057851951519411,0.06719456025439234
04Y,7N3L,320-400,321.42400000000004,24,4,11.6823476274017,0.8835628814329611,0.9441167429540829,0.7590361445783133,0.8917993361580724,0.07379469369857224
056,2YLP,320-400,327.23199999999997,20,5,13.682702795328126,0.6701285595951413,0.7139070251420634,0.5589357776062114,0.6926009637782435,0.1533501444608228
057,3FQH,320-400,362.43300000000016,27,4,10.927407871483588,0.7385159312536661,0.8519530880336632,0.6956521739130435,0.6102762742921384,0.11715061296313216
058,3SKH,320-400,379.8180000000001,27,4,10.198360491804392,0.778242343510483,0.8815769471769844,0.7086287844605731,0.6865671641791045,0.14929182108407774
05L,3USP,320-400,341.306,19,8,12.285183999116715,0.37315408448345444,0.512,0.21591930372262425,0.35529524815205926,0.19220820722026227
05X,7EXD,320-400,377.36600000000004,27,4,11.636143217661424,0.9272567575968101,0.9868686754975999,0.9131359047427218,0.8951555519104301,0.05791389774071144
06A,7F0I,320-400,388.4470000000002,28,4,10.750967468163008,0.7740700396828898,0.9508447565634813,0.8343020416295517,0.5210354802367938,0.13914810815550524
06P,3QTV,320-400,367.47300000000007,27,6,11.245963465025763,0.8414833837771729,0.9767133681562579,0.6402990709401946,0.8342541436464088,0.10633082688538362
06U,3RO9,320-400,373.4600000000001,28,4,11.600031703238793,0.885673689700293,0.9712830013895322,0.9104477611940298,0.8222428475838408,0.06364030950648084
06V,3ROA,320-400,381.48000000000025,28,4,11.841093268083288,0.8716745787452131,0.9713024570964641,0.9104477611940298,0.7943363179698568,0.06526302090211411
06W,3SGY,320-400,373.4600000000001,28,4,11.056202436254912,0.8408931076468611,0.9788363297356294,0.8484848484848485,0.7612422663651168,0.10738280904145059
074,1QDQ,320-400,385.4610000000002,27,10,14.775129510393713,0.8488541497637027,0.9087651773668757,0.8059135845663518,0.8013953435961166,0.07444923472072414
07M,3TFQ,320-400,324.3650000000001,23,3,9.593288082715567,0.9032649013776375,0.9683220702311139,0.8424920743348572,0.8665076639051135,0.08193554165167354
07Q,3TV7,320-400,354.43500000000006,25,5,14.32162870398626,0.8606124620494102,0.987173112922655,0.840788466542211,0.7825861185943382,0.07924770758890219
07R,3TWJ,320-400,326.38100000000003,23,4,14.144531259229304,0.8796755675760359,0.9350050153200212,0.8819824313754168,0.8222903203259784,0.07436264607274028
07T,3U2Z,320-400,372.47500000000014,25,3,12.191876678765698,0.8799191377335818,0.9289731290547593,0.7759525513665496,0.8984611756319936,0.13573890106686257
07Z,3RK5,320-400,340.36400000000003,24,5,12.004101851625194,0.8664659492473976,0.941244240335717,0.9581615556281676,0.7273216804606585,0.09810177368910436
083,4BFQ,320-400,354.4170000000001,27,3,11.316190676287729,0.5067948340202832,0.6091687552842275,0.609445636290147,0.33358476223027256,0.1069048992060018
085,3TZM,320-400,384.39500000000004,29,4,13.227562913441082,0.8918408362084077,0.9401416071710551,0.8021020532807234,0.8363009610243728,0.06814738289594749
08E,3U4O,320-400,394.8180000000001,28,4,9.86741398480563,0.7921775361405685,0.8884889165974518,0.7445510234279218,0.6971625006882123,0.12754338557370784
08J,3U5K,320-400,325.77400000000006,23,1,8.599928570477353,0.7178521247710695,0.9466054564806342,0.6935662542058136,0.485807669612181,0.1641897943685405
08K,3U5L,320-400,323.78700000000003,23,1,8.270569157819857,0.7624269133106685,0.9251395356989378,0.6092207404605643,0.6153846153846154,0.11626289941901931
08O,7WKG,320-400,338.5760000000001,24,19,10.776578716946076,0.9275768213673328,0.8995590809427285,0.9883040935672515,0.8904109589041096,0.06292086265413391
08Q,3U6C,320-400,381.3470000000001,23,7,9.186875898661206,0.39378637169723063,0.8142413552314492,0.35468724650743577,0.0384907836401982,0.2656229084052584
08R,3TYM,320-400,370.4970000000001,27,9,14.5813959247707,0.592370991211053,0.7296997502609976,0.5365703478009168,0.48485492567819255,0.15791461950634766
08V,7N54,320-400,355.43400000000014,26,4,9.942231162114457,0.9253242096631606,0.9868856342699529,0.9786431820192038,0.8508969822141573,0.10048016018945534
08Z,3RK7,320-400,339.38,24,5,11.819255516201542,0.8440893601544024,0.9448462553497854,0.9440299165030681,0.673353391524637,0.12744520564503245
090,2CHX,320-400,350.3580000000001,26,4,12.834535766286846,0.8262225270674199,0.9218905573730518,0.8231753525413027,0.7289559095845672,0.1401608756643208
093,2CHZ,320-400,389.88600000000014,24,5,11.689647516265765,0.8833487461541493,0.8938710746181227,0.9356351281264222,0.8272630772475577,0.06714917168922183
097,1R55,320-400,331.41300000000007,23,7,10.5996888082122,0.7322008180310415,0.9227544302241413,0.873902654035144,0.5262454900527604,0.2097679662119673
099,3HYG,320-400,370.40500000000014,27,6,11.391088653141157,0.8066544245419769,0.8975761785336729,0.9665551705354372,0.5849056603773586,0.11528099654733595
09A,3UDM,320-400,322.36400000000003,24,3,11.217732674774663,0.8350270218683834,0.8714747039827772,0.8011975557422195,0.8193548387096774,0.06076447881958689
09B,3UDN,320-400,347.374,26,3,12.565701317255582,0.7999030930978099,0.8720192353024374,0.6871214470777408,0.775678812003865,0.0671203641103221
09F,3UDR,320-400,339.39500000000015,25,2,11.469224698102476,0.8919047242144369,0.9219118636978557,0.8960351447888358,0.8523781005726543,0.050879576410143755
09K,4FKI,320-400,325.2900000000001,23,5,13.219351663574026,0.8498735285273341,0.9415510561559935,0.9357453386046161,0.6885419747162875,0.0885707963385782
09W,7OQ7,320-400,377.4690000000001,27,5,11.632236413080538,0.5020345995490224,0.5611913158474763,0.4805925976670097,0.44886280753048935,0.13891813688133614
09Y,7N47,320-400,380.4040000000001,28,6,8.287634701660128,0.657560058118493,0.8013227909739774,0.5311166929973858,0.6062316483986896,0.1421398321210731
0A,4R8I,320-400,347.224,22,4,10.392460336554873,0.0,0.0,0.0,0.0,0.0
0AW,7OPW,320-400,377.46900000000005,27,5,13.810474147411085,0.4854609571593914,0.5372024503523822,0.4592851383143842,0.4470716137553198,0.09362197514849288
0B0,7N4S,320-400,390.49100000000004,29,4,11.502189776960453,0.8326462067947966,0.9237060162258718,0.648334393095602,0.832328511022723,0.0837910317378992
0B1,3VV7,320-400,347.4180000000001,26,4,8.838177893399934,0.7535522271337513,0.8485703806513238,0.603448275862069,0.7277594032115571,0.11251156808617435
0B6,5YGY,320-400,383.35800000000006,28,4,13.34942315271659,0.7777294743848221,0.9349586179239175,0.6717697583906426,0.706735275470637,0.10853273913676645
0B7,7OQ8,320-400,374.4690000000001,27,5,12.77334115947625,0.4670192968694379,0.4925188300372353,0.5333804707201201,0.3775242968916581,0.09877853669509536
0BB,3S0N,320-400,380.4690000000001,27,6,11.337382114614309,0.658184092198121,0.9712230215827338,0.8315271167930143,0.3145393333337059,0.21091239586420443
0BG,7N4R,320-400,324.38800000000003,24,7,11.779406930632783,0.8587393450649894,0.9025908265028987,0.6337422911963264,0.8934147376861667,0.12367739236895874
0BL,7OQU,320-400,391.49600000000004,28,5,12.19318680782058,0.4750876667468087,0.5236428054479959,0.18020691663615362,0.5043268105270893,0.11761798545398716
0BR,3U88,320-400,326.4400000000001,24,4,8.427037326539832,0.7959129708738983,0.9069355625265881,0.8972718422939272,0.6657121891549633,0.11499382210138909
0BS,7OQS,320-400,393.4680000000001,28,6,13.405814978442885,0.5546050927572492,0.7550617969314167,0.3131570677664979,0.4997545928294175,0.1130133563185457
0BW,3UR4,320-400,383.4480000000001,28,5,11.42755637792756,0.8287362602019317,0.8930188767694176,0.8200570435207919,0.7336361341411943,0.09947309356759841
002,2FV9,400-500,449.5480000000002,32,13,13.29705262882552,0.8071434301803811,0.8948665834880913,0.8176960381332976,0.7412576409587452,0.1204637780759977
003,2JFZ,400-500,439.5190000000001,33,5,9.345392508714852,0.8181373332249589,0.8699488864211647,0.9716363724668828,0.6570996639784716,0.13879298653842434
00A,3CW8,400-500,485.77700000000016,32,6,11.139259781741645,0.8704677845989824,0.9751143837575065,0.793381017665581,0.8553076969447422,0.12708700901412023
00J,2XIR,400-500,461.51800000000037,34,7,20.1499728306932,0.7741196995175813,0.9309455133782963,0.971957959466208,0.40871013059440175,0.1385974188680653
00P,1D9I,400-500,475.57100000000025,33,7,11.329663525342362,0.8009108712405086,0.9223950068454071,0.8085878350200449,0.7069867670729778,0.11724890512599943
01P,3QQU,400-500,428.4960000000003,32,6,11.273939402067155,0.81008229232503,0.9686566653259279,0.946078431372549,0.33242448781391487,0.1279199147806287
022,3QJ5,400-500,414.4650000000001,31,7,13.801561353311126,0.7933847985738899,0.8976716411217027,0.7166696023600025,0.8136715935929344,0.1422600661235774
024,2QBS,400-500,454.34200000000027,27,7,12.925140506963167,0.7913611303713048,0.9376821615664838,0.8213721444636518,0.6003553876538673,0.08009039349751619
02P,3QX5,400-500,401.9180000000001,28,6,11.442816506163844,0.849302732103144,0.9687367415128738,0.7136468733675219,0.8076923076923077,0.1171885691844993
032,3OG7,400-500,489.93100000000015,33,7,16.465227480174846,0.8552120036835292,0.9717164187936548,0.9264791864733034,0.643151035762568,0.15914525787835937
033,1ZTQ,400-500,492.5530000000002,35,8,20.1938199097984,0.780396968768757,0.846894587866811,0.9790567929215883,0.6209290337198577,0.12053063965289187
039,2CHW,400-500,450.9110000000002,31,5,10.514470586967516,0.8952403125369411,0.9934786477701696,0.8147612095846151,0.8791042204931719,0.0612810709157386
03C,3PIZ,400-500,438.5530000000003,31,5,12.477800862240588,0.7167402490842774,0.9842680596045733,0.8752144933164407,0.45132960651128673,0.21886862219059347
03I,3U1Y,400-500,490.62200000000024,34,11,21.1269360886971,0.833834711170381,0.8962018929394041,1.0,0.620063866603229,0.0810430005298318
03L,3TFP,400-500,466.77300000000014,29,6,12.301042002730611,0.9178869454015617,0.9652643480574229,0.9349335463379589,0.8595938761286576,0.08482835319605929
03M,3U15,400-500,401.8000000000002,28,3,15.25843220328136,0.8150420303900011,0.8364460251808512,0.7571778945571849,0.8267155540113988,0.11766801141835345
03Q,3PP0,400-500,493.8730000000002,34,9,15.033946602090973,0.9730693100678577,1.0,1.0,0.9445473375893845,0.036013770976250484
04J,4KN1,400-500,440.42000000000024,32,9,14.23372989099578,0.8354843225984362,0.9212017066669274,0.9199922295609702,0.713730500817223,0.07544548997081671
04K,3PJ2,400-500,477.54000000000025,35,10,20.50761777921347,0.6654226281949607,0.8823179570339773,0.8355489865680767,0.3147869395298035,0.158428972164488
04L,3PJ3,400-500,473.5360000000002,36,6,20.208338136531076,0.8559298224571059,0.9675210706420516,0.9134343837883687,0.6773735364123021,0.1193141015542856
04W,5HN9,400-500,429.51300000000015,31,15,18.025909542082072,0.9373824818762299,0.9797979797979798,0.8712598682232198,0.9380132701092397,0.03723721564609957
04Z,3RAL,400-500,404.4730000000001,27,6,13.046185815265474,0.8938173711313355,0.949375492795468,0.9750935560065622,0.7822342023892024,0.08246312904258687
053,3SKA,400-500,428.3700000000001,31,4,10.365019959112047,0.8015425946034238,0.9079676275462794,0.6772898554840969,0.7260034738723462,0.12570639637672376
055,3DDW,400-500,487.9430000000002,35,6,11.268135258236128,0.8686712133348287,0.9377030310187262,0.9118723814502894,0.7119065152594496,0.08529682451871189
059,2PJ6,400-500,482.53900000000027,32,12,14.609493769358444,0.7814222141673025,1.0,0.941123117881147,0.45077871149371773,0.2023991715136912
05B,3R1N,400-500,403.44200000000023,30,2,12.197476317076593,0.8353542597981128,0.8514051148649218,1.0,0.7398602474536033,0.09546032139996652
05C,7EW9,400-500,486.66400000000027,36,5,12.69328815406023,0.847423176978636,0.9950248756218906,0.9738847163767422,0.7214067925667026,0.10365249450966171
05F,7EWA,400-500,498.67500000000024,37,5,12.507512744819877,0.8352466136874257,0.9950248756218906,0.9608270745651133,0.7083262602682866,0.0898479045143041
05G,7N2W,400-500,452.4660000000001,30,5,14.704510122323299,0.6558703224144415,0.8551168660042858,0.6894750888632181,0.41772359012745264,0.11301506918713262
05I,7EWB,400-500,498.67500000000024,37,5,12.675373646002981,0.816215955751561,0.9895287958115183,0.9776979711187566,0.6584055164767235,0.12840248259278278
05S,3QTF,400-500,408.54600000000016,30,1,10.346602045493771,0.869702890241411,0.967227932561107,0.8412698412698413,0.7886728588054823,0.10556246379984284
061,1A8T,400-500,452.5180000000001,34,7,14.016177745473833,0.7583666399908342,0.9282463582550262,0.6796489384168832,0.6345184964211257,0.11984662843522527
062,1ZRB,400-500,492.9630000000002,35,5,12.316373439813358,0.7994807723548216,0.9653034944943849,0.8883344214926276,0.6338757395847257,0.13467109549215456
067,3P44,400-500,,26,,12.68959650858347,0.6853707959103794,0.9808883925243892,0.7317336335125888,0.44624471983942327,0.19503237448381433
06E,7OOX,400-500,425.3080000000001,24,8,15.349118461083712,0.7336170511618324,0.9010874456096134,0.8101452636461386,0.5013957690422297,0.13417766502868883
06G,8PPA,400-500,420.0930000000001,24,6,10.116150532262324,0.6431364076681835,0.789690708525089,0.5539414669496682,0.5886405553457265,0.20501716070726522
06H,3R91,400-500,436.55600000000027,32,1,10.367124446739103,0.9022603286631613,0.962431344610782,0.8545454545454545,0.8621551479413818,0.08639530298053617
06J,3R92,400-500,434.58400000000034,32,1,10.531337813187019,0.8726541895556202,0.9578029519337936,0.7653061224489796,0.8372055179593427,0.10149891841581633
06L,8GXP,400-500,456.7110000000003,33,2,12.517095878540182,0.920885469767336,1.0,0.978494623655914,0.7924632308006617,0.07058379045829707
06M,7N42,400-500,499.6000000000003,36,7,12.635629643419279,0.723374784011172,0.955250523290508,0.8391443000956141,0.3854865568363701,0.1546425664463976
06T,3RKZ,400-500,493.65200000000027,36,2,11.612723287446013,0.8062235895813841,0.9703338927393853,0.9582948437374069,0.5982297717068519,0.17190605178664908
06X,3TMZ,400-500,408.8820000000001,28,8,9.925335563427332,0.9116562462433527,0.948698339120023,0.9342671726840361,0.8140880925747969,0.07881615174037256
071,3KB7,400-500,448.5310000000003,33,5,11.777566958892194,0.8392345753016037,0.8545445235930419,0.9744778041881896,0.7651520000148313,0.12391653924116877
07F,7N2A,400-500,414.4800000000001,31,6,10.62900976639099,0.9487360021360423,0.972972972972973,0.8835947699388742,0.9480748910281367,0.035283815544698886
07G,3TU1,400-500,477.89500000000015,33,7,11.187950561205112,0.726497108755338,0.8072539913626876,0.6461765861590345,0.7975111446368739,0.19393592764443113
07H,3TVW,400-500,400.48200000000014,30,4,14.296659600504428,0.6482376767344379,0.6853070645805672,0.5261756324585309,0.6615639680682741,0.1008378640807361
07I,7OPI,400-500,459.58300000000025,33,8,19.848349522129073,0.5729409006629005,0.8711301194896182,0.634787349989089,0.19613982959841136,0.15166793179200427
07N,3TTZ,400-500,421.28100000000006,26,4,15.68156483571203,0.7341092400633296,0.9583200296428238,0.7081656976906849,0.45331607080608194,0.16485347538728656
07S,3TKH,400-500,465.5830000000003,33,6,19.860734665863685,0.5738649038619876,0.8976389196019586,0.7857401644293744,0.15294629772876012,0.190532656411944
082,3TY0,400-500,484.46800000000025,36,5,15.345923556602017,0.9535228653726409,0.9608136382774937,0.9345134831799059,0.9598817015119339,0.02911047082696807
087,3U2K,400-500,430.7230000000002,27,4,15.466584404717114,0.6826317289417463,0.9539030472257648,0.628392422512762,0.41676328615073543,0.21528195937584638
08A,6TYM,400-500,482.5840000000003,36,6,16.95683859515017,0.48828021852460557,0.6107333352057678,0.3013698630136987,0.4497557146690594,0.13760509055477674
08B,3U2D,400-500,408.25600000000014,25,4,14.018605346364401,0.724070802224716,0.9512163423833887,0.788490435613385,0.4814367441296904,0.19046562483602675
08N,7N4Z,400-500,413.4260000000003,30,4,10.421313060327094,0.9767970605113233,0.9818585196775929,0.9740082848929985,0.9739578370099746,0.02397932790579019
08W,3UA8,400-500,446.36700000000013,30,4,14.280750100729634,0.6783058671892963,0.6608101863888374,0.89173977267831,0.5342853718359839,0.18767136354026967
096,3IU2,400-500,442.58500000000043,31,7,13.55526422300723,0.8708224113759204,0.9336238667883271,0.9281850036865403,0.7380952380952381,0.11349802270507414
098,3HY9,400-500,439.5120000000001,32,9,11.132048953500512,0.7803513906939823,0.7296352756324156,0.9879556305985638,0.6309932670953837,0.09942355397490078
09C,3T07,400-500,488.18300000000005,27,2,14.60023039878734,0.8532278008104661,0.954588259914199,0.6975277872424434,0.9261973040477682,0.12983624604232316
09D,3UDP,400-500,459.3650000000002,28,2,10.736620102480707,0.8463091521090236,0.8721222725608794,0.843395432882821,0.8291451906826807,0.06458881766501497
09E,3UDQ,400-500,491.3630000000002,30,2,11.75823557471455,0.8518576493026648,0.8690485154641201,0.8669959638749276,0.8338458289148887,0.06842053734934066
009,3CKR,500-620,605.7830000000001,45,14,15.02747672278633,0.7903639113096269,0.7880184331797235,0.9923527911854761,0.7300164161415321,0.09632015135048763
00I,1QUR,500-620,593.7059999999999,41,12,12.43118981822721,0.8122706398216957,0.8841230470989105,0.6721679730025499,0.85,0.12598964205885785
00K,1A46,500-620,528.6980000000001,38,11,15.010422266113746,0.7801414152397821,0.6927752097826838,0.9827662025316826,0.6561037305555002,0.10527654460519072
00L,1A5G,500-620,578.7180000000003,42,13,16.830267028834776,0.817020962157501,0.7411663941866133,0.9796534972884483,0.6934746348607053,0.10842072344603722
00N,1A61,500-620,514.6560000000002,36,10,12.391974116983315,0.8487458943220215,0.929899470700751,0.8967748590428662,0.6742857142857144,0.10936483991839345
00Q,1TBZ,500-620,537.69,38,11,12.056257946921797,0.8456221824373151,0.8264063806278674,0.9870188524535016,0.7880720115058257,0.10635218965052876
00R,1D6W,500-620,527.6070000000003,37,7,12.26552079276625,0.8082450197747387,0.9238263026364527,0.8519869835564303,0.7021150167316559,0.11329597997381087
012,3CKP,500-620,545.6840000000002,40,13,14.4366784924845,0.8259046995379298,0.8201395509337513,0.9668233711182531,0.7562988781990794,0.09560350636423473
017,1T3R,500-620,547.6740000000003,38,11,15.146874686051936,0.9291088449386494,0.9442219116668749,0.9401288506878329,0.8856694624014049,0.059707276882162374
01G,2R75,500-620,608.2869999999998,38,9,13.807717996129757,0.7964488449570879,0.84283133640553,0.6830634424651009,0.8278050604956444,0.12759473583178674
031,3H5B,500-620,601.7220000000001,42,12,16.02151890583257,0.9235458645689757,0.9448299100193629,0.982963781570085,0.8455871427788192,0.05419393876518105
034,3RVF,500-620,521.4000000000002,36,7,16.73452319153531,0.9608208293974643,0.9968621762678522,0.9921875,0.8714146111695756,0.041581861932153984
03D,1HRN,500-620,503.7240000000002,36,15,15.787807597613636,0.9018364775772767,0.9037526091088139,0.95251948988867,0.8594805642638292,0.06225059029840326
03P,3POZ,500-620,547.9650000000001,38,9,12.851388973446866,0.893147831169526,1.0,1.0,0.7941365779574481,0.09343051991107716
03R,2AEI,500-620,532.5470000000003,39,11,12.489552912888794,0.7214012086198798,0.7298281498995631,0.810986655493416,0.6195864627294063,0.14012622919014664
03X,3U6H,500-620,528.5400000000002,39,7,19.762254911498985,0.913799571506805,0.9395395022413362,1.0,0.8333261334000203,0.04773944378046553
044,3U6I,500-620,542.5670000000001,40,8,20.580048222011946,0.921207787252307,0.9264523170008603,0.9934316925414237,0.861257811506541,0.05443958809448448
046,3UGC,500-620,569.5880000000004,41,6,22.299590085071422,0.893738294227154,0.898874564272794,0.9941231997483433,0.8312303098593448,0.08512499501505515
04A,3UO9,500-620,524.6970000000002,35,12,19.501612009123654,0.8044303173780638,0.8279403158640046,1.0,0.6022680223583696,0.09901141162742702
051,2XPC,500-620,526.5420000000003,37,8,17.02700003077636,0.7392693089295094,0.875679110567869,0.4978715933442305,0.7846932076651616,0.10058576884616528
052,4ZEG,500-620,512.6140000000004,38,9,19.110278047557028,0.8667918889946831,0.9697260709307963,0.979872711390013,0.614276112255701,0.1307709208549824
054,3SKE,500-620,501.44600000000014,35,4,11.309179546932913,0.8326228269021841,0.8834532288383937,0.8738565146374152,0.7090453715895412,0.11591649911712829
05J,7N3U,500-620,526.6450000000002,39,7,14.645365801436025,0.7367622942758576,0.8161719041861991,0.9687862022671416,0.46210044349244916,0.12697333903614888
05M,7EXP,500-620,584.7370000000002,36,16,20.843452786824933,0.602430667020129,0.7097442989574227,0.4285714285714286,0.5683438030504198,0.10076575688909632
064,3DCT,500-620,542.8460000000002,36,8,16.568188782806484,0.9615418022409623,0.9831838229658978,0.979517055798794,0.9072159351902117,0.032071605941873846
065,2QCI,500-620,576.6680000000002,40,11,15.834119447021415,0.9258716237101392,0.9526744579513559,0.929349203978626,0.8778285212646166,0.04310997406405783
066,3GWT,500-620,518.5950000000003,37,7,11.448869155519812,0.7844929432566169,1.0,0.9136114775514728,0.5519890864688175,0.14376371677727043
06F,3UVR,500-620,521.6650000000004,39,5,16.745275833121696,0.934035296512032,0.9240274765975377,1.0,0.9083528129207762,0.03215447440396415
06I,7N44,500-620,519.9700000000001,36,6,16.108908559988038,0.8524703106751245,0.8328786721867275,0.8904672382751804,0.8107586907753929,0.08141274167910555
06Q,7W7O,500-620,614.6740000000002,45,12,14.629237123903513,0.6051129284871691,0.5650787679442563,0.8734054854124529,0.5022808524307786,0.12118852583240887
072,4PRG,500-620,614.8520000000004,44,18,20.67693095883794,0.9462616575707289,0.9776089808878711,0.9501260216186382,0.9160599439369385,0.036303973979845465
073,2FJM,500-620,603.562,43,10,13.693038733747905,0.8164704767700145,1.0,0.8488888888888889,0.6859818986987447,0.13159865885317606
076,3TOF,500-620,516.6380000000003,38,13,16.276036021741973,0.8413821648033146,0.8394556690017563,0.9744660019997824,0.7335357866839798,0.08694310843160837
079,3TOG,500-620,533.6690000000003,39,14,16.18332797810681,0.8197196776401621,0.75957545711276,0.9601630072618719,0.7475590611406979,0.11050442501852271
07J,3TT0,500-620,560.4860000000003,38,8,20.767052617288066,0.7404790141548319,0.9705889744822283,0.895484151631965,0.32803245581112717,0.15915136032495664
084,1OUK,500-620,506.57600000000025,37,6,12.628954582805092,0.8241565474386562,0.9497759630466256,0.8111644915693204,0.7470773323181836,0.08732054421187799
088,3HC6,500-620,535.4270000000002,37,8,15.733679782888235,0.9709904682830713,0.9873233187551499,1.0,0.9273621992395977,0.021218601673100232
08S,2XYW,500-620,539.0790000000001,34,8,13.235406918337912,0.9511876309685647,0.9753668349343338,0.9067995443807391,0.9725557958532478,0.04315184604978406
094,1OUY,500-620,519.4040000000002,34,4,13.101791245174734,0.8140636015103132,0.9638624602292329,0.7091977786212484,0.7882338895965835,0.08747354001448933
0AE,7OQL,500-620,591.8239999999998,44,10,19.358117878490233,0.7882370310484079,0.8604651162790697,0.745831234256927,0.7542147329091718,0.11905532432187868
0AN,8PPZ,500-620,590.9600000000003,38,6,10.537410438500423,0.968184520051745,0.9712787712446833,0.9829741999778541,0.9471905479665015,0.025875726285996527
0AX,8GXH,500-620,602.7320000000003,44,12,13.739242816091647,0.6569728940354642,0.64269752600843,0.8532141239293205,0.39406110863186705,0.14146755115612536
0BA,7OQO,500-620,518.6620000000004,38,7,16.925781461097188,0.8681005957189103,0.9089783569266593,0.8240849254552548,0.8486794553142725,0.08408341676418074
0BI,3K5C,500-620,571.7620000000002,42,8,15.003654050977506,0.8584102091953756,0.8417548579385524,0.9839625200271003,0.8285584914309709,0.051285301970660814
0BO,8GXI,500-620,552.6720000000003,40,11,14.248326911561726,0.708073511655693,0.8312688735383664,0.8490545444281791,0.2822325278375817,0.14952655153017572
0BT,4L6C,500-620,536.215,29,3,9.06781281545268,0.801964367206749,0.8864851911799732,0.7681037223774159,0.7509585443830884,0.08389821297927749
0C2,3UPI,500-620,513.5220000000002,36,5,10.094963326919569,0.8344748236005,0.9167509623361023,0.8315028480306432,0.7589852288162195,0.0897714639212098
0CA,3UPE,500-620,525.6530000000002,39,7,12.162556421547555,0.6817958663502156,0.801238792922345,0.35542327908018034,0.7367242388758781,0.13180397775904415
0CB,3UUZ,500-620,537.6420000000003,38,9,13.744007960294642,0.686471486754564,0.8658757459139846,0.3708372058571482,0.6600147028040253,0.11639198413980298
0D6,1MEM,500-620,528.7190000000003,37,12,14.327274107566524,0.6442649474341248,0.7242397399934954,0.503240810267862,0.6754844890299707,0.14605996681298383
0E6,1THE,500-620,519.0220000000003,35,15,13.455013476050734,0.7987123627247871,0.7977769435371741,0.9036004867122148,0.7386317740605335,0.10608432007807549
0E7,1HDT,500-620,554.6480000000004,40,15,11.891793021578502,0.7414529217137106,0.9833492342467036,0.8358273050889748,0.5292963052440777,0.172658976719917
0E8,1ODW,500-620,543.7050000000002,39,12,13.704679507605853,0.8623169297004694,0.8389568444163867,0.9930180945369194,0.8227742040569105,0.06730930834503035
0EU,3TDC,500-620,512.6760000000005,36,4,12.418755065654462,0.2812993325134382,0.29179074821610707,0.45238095238095233,0.22710180681042502,0.12326830517433426
0EW,7N66,500-620,530.5000000000002,36,6,15.079592278881991,0.827200772762763,0.983922863660094,0.7957754783453264,0.741032562447439,0.0898767844464194
0F4,3V5Q,500-620,503.48400000000015,37,5,19.22692788619198,0.8946428820114207,0.9633386447925241,0.9486118584419795,0.7841078719283415,0.08523498422832129
0F7,1DY8,500-620,527.5650000000002,37,15,14.705424702399991,0.6203912808065128,0.9183493876844171,0.49777561862667563,0.4480861700953518,0.1462452760654968
0FX,3VBI,500-620,547.3470000000001,35,8,13.857438545149424,0.767988821194388,0.8252903621017829,0.6566890201690757,0.748933166131299,0.15940989459324198
0FY,3VAP,500-620,563.6870000000002,40,8,20.163638343703873,0.7805215167063962,0.8822675265349763,0.9476079249146874,0.5775793225881991,0.11277909739447382
0G3,7ORF,500-620,580.6890000000003,42,9,19.127501708795222,0.7607936218378831,0.9949167658761277,0.8415228385770177,0.5109326247378284,0.1470453738835716
001,1J4R,620-800,624.7250000000001,45,15,14.124126567503108,0.6312621565731635,0.5171453697126615,0.9204609709948107,0.43308997222652346,0.17155108646422793
006,3FNU,620-800,631.7950000000002,45,10,14.0746047103497,0.633544708923381,0.7990550771870089,0.5537152083283129,0.49933979271299966,0.13144068020545635
016,3NLS,620-800,631.7950000000002,45,10,17.13762989531753,0.9201484071399503,0.9078272114247542,0.9591659517199475,0.8844423108615276,0.056486185801203126
01E,2WPO,620-800,709.6260000000003,43,12,17.406085664555576,0.6452076273413196,0.6403514092827375,0.705533456015312,0.6070806315923949,0.20590984492083625
038,3KYR,620-800,722.8040000000003,52,19,17.28516335876291,0.5290964745459288,0.8933610503317966,0.41090942451713375,0.0062893081761006275,0.1900941324604096
03F,3S0K,620-800,726.0929999999993,51,34,24.621394016796742,0.8480235819697195,0.9347258485639687,0.955982246325365,0.6306427614989296,0.05929719478132445
08F,3U4R,620-800,627.1040000000002,42,8,15.292937914624758,0.8061602842003455,0.9006268924668681,0.7038314149879614,0.7938213538263923,0.13244435079489866
08Y,3UA1,620-800,654.6059999999999,43,5,16.728007178955966,0.8668553917811963,0.9429394778457525,0.8661870939068195,0.7963597330718424,0.07019574983655452
09N,3UBX,620-800,770.1459999999992,54,36,20.292434440024522,0.9550205696007814,0.9628252788104089,0.9296875,0.9567935899894844,0.03436542450800213
0B8,7WJ8,620-800,630.6530000000001,47,8,20.02857130048737,0.7337931998546618,0.9653099683556386,0.7867522846146225,0.46116998074500737,0.1219711344030342
0BH,7OQP,620-800,640.8539999999999,46,10,20.247396890555983,0.8040623462512221,0.8383830793700207,0.8397360901807243,0.7555105945777693,0.10764288419823057
0DO,1IDB,620-800,650.8420000000003,46,12,16.811544639494137,0.8716778564592679,0.8671372321515857,0.9949756536172732,0.7889958392400062,0.08586183277563042
0E9,9HVP,620-800,736.9100000000001,54,18,20.964408292047402,0.8011485273662078,0.7441441624400683,0.9951903490675483,0.7256799991962839,0.11013423115547324
0ED,1CGL,620-800,625.7669999999998,45,18,17.755362390879654,0.8028756688543403,0.8876109991509055,0.8705993932551758,0.6104960918153224,0.10520575707621735
0EI,7ORE,620-800,648.8119999999999,47,10,19.97217929722455,0.673183446071482,0.99119259162891,0.7408580316070004,0.38545548722113454,0.11652837307082424
0EJ,4HN2,620-800,702.0670000000006,39,13,10.944844668883977,0.6235917525341802,0.7329104384213523,0.6114166577317367,0.3938745048047054,0.13106836386141382
0EM,1ENT,620-800,663.7770000000002,46,17,19.944207328031634,0.7520140261556452,0.7614711701717454,0.8824989700389594,0.6424437999537056,0.10932300101819122
0EO,1EED,620-800,633.8270000000001,45,17,20.251017261104074,0.7197579784790091,0.6784181218421905,0.8853425349321868,0.6261849411412318,0.12233546356347313
0FP,1JQ7,620-800,717.953,43,19,17.883532804441906,0.560464618116655,0.7406009983435244,0.6079767430867574,0.35312108977168555,0.18144772353755884
0GE,1CVW,620-800,628.1520000000003,41,17,16.73655136794356,0.6575923541305506,0.9294294711114881,0.5582638591010283,0.38084924506173823,0.1221356685110093
0GH,4GID,620-800,665.8570000000002,47,16,17.033076229280496,0.9167620040314112,0.9041785006821826,0.9534775371540685,0.9007270186713523,0.06031278962900475
0GQ,1E80,620-800,793.0269999999994,57,19,24.105327134187384,0.6538464747172513,0.6527553814577084,0.8932614548571062,0.45911823402154184,0.11345964520945362
0I0,7WJJ,620-800,629.6690000000001,47,8,21.139423531707664,0.7218414667424211,0.9846039066983581,0.6342840461162571,0.43775100401606426,0.10431023883643946
0I7,7WJK,620-800,,57,,21.774000020736178,0.6566221936824993,0.9767613082472609,0.8111433694800431,0.31601650227145217,0.13416786400157674
0IU,1BIL,620-800,643.895,45,16,15.387379613792639,0.8582281349474453,0.8817359485045925,0.9724462392246565,0.7594236458367849,0.07631367418423626
0J1,7JM6,620-800,694.6449999999996,45,24,21.345390946727562,0.7798900446777882,0.9342112015571301,0.8741936781236803,0.584070796460177,0.09867424079935876
0JV,4DFG,620-800,633.7640000000002,44,13,16.95863998526967,0.8846097044905172,0.866975653781312,0.9873436801272533,0.8432982134284925,0.09059031214567412
0JZ,3G60,620-800,687.4229999999999,36,3,10.471932818942111,0.8010152157735695,0.9762819628029444,0.7611169652265543,0.7053647946698003,0.11242120188099385
0K3,4DE8,620-800,642.9460000000006,45,24,30.09147010834936,0.8708812254434317,0.8692307692307693,0.9849056603773585,0.7570151947138231,0.0721328911912745
0L3,4DF4,620-800,741.5650000000009,48,20,19.261253607812478,0.6977219628091753,0.6654162303926743,0.8366781581156415,0.5311756997047292,0.10276923073835417
0L5,4DFK,620-800,719.5110000000004,46,20,21.14230063803845,0.7093005060937722,0.7729436233316261,0.7527516855804572,0.5668343133282232,0.08852434970530114
0LG,4DPF,620-800,648.8260000000002,46,9,19.03967160326841,0.8192638884626751,0.8565491849351582,0.9392068457312894,0.7164931526741057,0.08729348577009545
0MC,4DRM,620-800,639.7420000000003,46,14,14.109538015314822,0.6085853914850936,0.7532401641592162,0.5837298585188273,0.47935614735326837,0.1380183874656719
0MD,4DRO,620-800,639.7420000000003,41,14,14.355419080568613,0.6275258335147005,0.687144057056206,0.6027054066791793,0.5661257893630904,0.15109120500372955
0O2,24IO,620-800,683.1390000000005,40,12,14.877453949523991,0.7016141776800524,0.9440932088755134,0.7554496841766357,0.3587309577388017,0.16120129190921934
0O9,4E6A,620-800,640.8359999999999,23,28,10.795906234557002,0.7898882347651259,0.9835430514459167,0.9191919191919192,0.5062147527434847,0.15279017774366957
0OA,4E8A,620-800,680.9009999999996,23,28,12.57795595032459,0.7220149537437583,0.9404604359906937,0.8205128205128205,0.47881775141210337,0.1718063066829955
0OS,4DRQ,620-800,666.5760000000001,35,13,11.813813303078861,0.6806260995014664,0.8172750271184083,0.6848772344376589,0.474025974025974,0.17654920241603902
0PO,1IDA,620-800,724.972,52,14,19.146729634280288,0.8104838489609093,0.779558104004155,0.9747395252631359,0.6611406269387388,0.10509678695368985
0PP,1JLD,620-800,661.844,48,16,17.24333500440819,0.8824929675480465,0.8877397686088061,1.0,0.8171808252877778,0.06485592672874081
0Q5,4EHR,620-800,672.9240000000002,47,12,18.246447158112087,0.7028569986202586,0.7137909751441319,0.6977011610607597,0.689166287802317,0.13527726783979502
0QB,1BIM,620-800,682.9320000000002,48,14,15.660886967921748,0.8456068461927714,0.8102688357202126,0.9852304677161999,0.7352154250812601,0.12337814911521978
0QF,1EPQ,620-800,656.9120000000004,38,17,14.86490020696927,0.7931337040455867,0.8405240741442277,0.9324073647243214,0.6285125814196499,0.13710680942359774
0QS,1EPR,620-800,784.9479999999999,54,18,20.427881214005822,0.7331800054037607,0.6278840569411052,0.8882630369439946,0.6149276263867649,0.12164298246562547
0RQ,4EUC,620-800,791.5380000000001,51,20,18.614367626797737,0.8020674264212545,1.0,0.9334998347455897,0.6196694362943587,0.11270517447265072
0SH,4F7E,620-800,718.0699999999993,50,34,19.82869970448543,0.832498511707753,0.9748062015503876,0.9123266343033409,0.4469527323883291,0.12197034057307277
0SS,4F6W,620-800,639.8490000000002,47,7,17.504574321284785,0.8893520389228686,0.945910855971739,0.968946783802888,0.7977662978908832,0.083133308101774
0T1,5DW5,620-800,749.501,48,18,19.101519074367918,0.6894028374717676,0.9104381660371664,0.775747583890866,0.5508918370060617,0.16323025336185776
0TQ,4FE6,620-800,642.7750000000001,45,12,17.694551347343463,0.5490348847823453,0.6974311757266444,0.5841830003719946,0.40057977108455123,0.12974940672176968
0U4,4FCO,620-800,739.9830000000004,53,17,20.730814632992104,0.7822081900177796,0.9068276030805661,0.9237494709600981,0.4582958312803638,0.12633306221018628
0UR,7WLM,620-800,781.1749999999997,57,22,28.94892591259661,0.4773235662633417,0.4501527372895354,0.7142857142857143,0.370121621161959,0.10673805169233694
0W0,4FSF,620-800,672.611,45,14,20.41875095656468,0.7145671510605616,0.8421880023893715,0.9002099974667724,0.35869068210665134,0.1172549933410918
0W3,4FGY,620-800,709.0179999999999,50,23,15.744991347050775,0.9025116537994049,0.9665781432113947,0.9235240725331272,0.781071328046636,0.07162487475086965
0WD,4FS3,620-800,745.4250000000001,48,13,17.48289462884747,0.9053596945671001,0.9010251383196362,0.9391648772834389,0.8876638736046638,0.04275676965471538
0ZQ,1LZQ,620-800,687.8380000000002,50,19,16.47738491677506,0.8725345643912964,0.9073349050157257,0.9924374833266575,0.7860522889962083,0.07240488272951037
0ZR,1IIQ,620-800,702.8530000000002,51,19,16.4866601755014,0.8626144372082363,0.890147499282343,1.0,0.7790223011494658,0.07965128927558411
0ZS,1Z8C,620-800,703.8370000000001,51,19,16.17328163517884,0.8638051095759367,0.92220142033675,0.9939050552207706,0.7313130970743551,0.08473825727553348
0ZT,1FQX,620-800,703.8370000000001,51,19,17.475492425582367,0.8420162145178878,0.8976863121952787,1.0,0.7102912656454989,0.12129500499011774
128,1I5D,620-800,717.263,46,10,11.974041094766577,0.6567061013660367,0.8877196304677775,0.4596207835535808,0.5819552385184447,0.15581065443319606
12D,3AR6,620-800,638.2920000000001,42,9,14.280723347124415,0.7220604176708441,0.8100844364547585,0.7840221880944662,0.6104097157064992,0.12285303334083082
01A,3CW9,800-1100,920.1209999999996,58,22,28.06548569940844,0.774986700046071,0.9292371121522562,0.9500831654849594,0.5477918543187967,0.13368801287657764
01K,3BIY,800-1100,994.8050000000002,64,28,27.821456803307882,0.7255771508827618,0.722113529124605,0.9914610605256201,0.5931146500690394,0.1107943738727272
03B,3SP7,800-1100,908.5469999999996,63,17,21.76627510203248,0.7253592080549456,0.801708006024242,0.7078916627006446,0.6575122096677086,0.10878677047795274
063,6U26,800-1100,1077.2429999999997,76,20,21.224350300134965,0.5096635336923565,0.8478176624120077,0.5749033775708401,0.05679833822816682,0.12280214527559555
06O,7WLD,800-1100,1073.4809999999986,74,51,24.899893296413545,0.4286525385771728,0.41320293398533015,0.4872022246120018,0.37782669743049113,0.10662017197075338
075,2PK5,800-1100,803.96,56,14,16.53610576817827,0.8790985180586234,0.9248034155859485,0.9931063282409389,0.7935327619201387,0.05374543306102878
07D,7EQD,800-1100,901.4439999999997,66,17,27.951839871413696,0.6427381640487231,0.8243452920385023,0.760430955984676,0.27963525835866254,0.14254128585390388
07P,3TVM,800-1100,910.4599999999995,64,47,27.296061105446544,0.9516569686197032,0.9966666666666667,0.8963407031744093,0.9924812030075187,0.05232693225905984
08I,7EQD,800-1100,879.1549999999994,65,17,18.433888035163015,0.7184975522992133,0.9256469328301982,0.36072483229963337,0.7159904534606205,0.08026423447520982
0BU,3UPF,800-1100,1031.0020000000006,66,12,26.41551094436349,0.5460546550753044,0.5456091103662521,0.7947205203119885,0.4310772081022426,0.11135422996622872
0EK,5ER2,800-1100,948.2199999999996,68,26,22.286110095754665,0.6889211650742633,0.6561449509334516,0.9582122435372473,0.5184410717175127,0.1012165906654308
0EL,3ER3,800-1100,947.2319999999996,56,27,23.09019074448883,0.7252430159749055,0.6267674275634767,0.9121643170540059,0.5852381881633442,0.11870924511709254
0ET,4GAH,800-1100,937.8370000000003,60,29,23.70724274857687,0.6185130504399053,0.7933836222996059,0.8571393871033385,0.2803643034164923,0.10857001544745434
0FQ,4K4A,800-1100,885.6759999999997,57,22,22.071593237585756,0.71132367603402,0.9919652228760222,0.9458883369430058,0.49833762554575456,0.13126372123203978
0GM,1FQ5,800-1100,840.078,62,10,18.571030571046393,0.7451134343292318,0.7101619908166412,0.9569193393669664,0.6266716622190958,0.08138446695817021
0HJ,7N6B,800-1100,1071.613,68,50,32.280932368295076,0.5562536009903669,0.5330073349633252,0.6197638115413826,0.5100560223467163,0.11942288568374997
0Q4,1A8K,800-1100,833.0689999999995,59,29,22.66003764341628,0.7864267740273254,0.8619857981601202,0.9359812456257097,0.5861413732714342,0.11261261474598543
0SG,4F7C,800-1100,804.0749999999996,53,33,21.57560475411023,0.712927685853711,0.912037037037037,0.905967373717453,0.31891292174082975,0.1155926886374831
0UK,4FDV,800-1100,883.005,63,18,15.332170845919617,0.4493824493451467,0.4478267499911428,0.4683712485601357,0.43481546865350074,0.1488341820135457
0ZD,4H30,800-1100,883.0580000000003,62,20,16.8438315236481,0.8255265770876767,0.8759316810271647,0.6399656929492883,0.8668295992608224,0.1087681723866543
0ZP,4ER1,800-1100,815.136,60,21,19.083699306522316,0.7891525877175318,0.7797690819190073,0.9158048784386197,0.6999983608020843,0.0896451869317711
11R,2CG1,800-1100,903.278999999999,60,14,25.428032171968194,0.3405325348187004,0.9033719108326853,0.2336956521739132,0.01103752759381893,0.12994287318864184
12F,3ABU,800-1100,1043.8489999999995,72,17,29.159512919368158,0.9385041687420833,0.9969834744661729,0.9975849146217014,0.8304354659361577,0.056560981615672766
146,1BWB,800-1100,824.942,62,12,26.4956225066431,0.7879075235835578,0.6949025152070738,0.9274302569472174,0.6406104043869039,0.09370583549524913
1BV,4I31,800-1100,817.9659999999999,58,10,14.758484821728302,0.6210535965211731,0.8090898478021268,0.46418605056839835,0.5007468207825769,0.10369156174122654
1C4,4I49,800-1100,954.6919999999997,61,26,23.566919732040066,0.7658830839948679,0.9972755248514574,0.7858027510542602,0.5505642244449054,0.11763366807964715
1CV,4I4B,800-1100,929.7510000000001,58,24,23.431987868296716,0.78555514383178,0.9439438442773933,0.9530483163654627,0.6106065467200387,0.10327353005467507
1CZ,4I56,800-1100,927.7350000000004,58,23,23.852132288792447,0.7165704487988025,0.8516707938055708,0.6790449119388879,0.6312103604372418,0.09684824787604987
1DG,2CIG,800-1100,850.5210000000003,56,15,21.15561057343627,0.8667884168380989,0.8858683491643455,0.8889672185841294,0.8357150374673102,0.05661631341408815
1E9,4IEH,800-1100,874.5109999999996,59,15,21.1130656221256,0.729661842839198,0.8482584487104079,0.7103526281095465,0.6231196834471129,0.13024703769059945
1GZ,4IZC,800-1100,867.6830000000001,54,21,20.433207692493347,0.6621251152418008,0.9955818163929784,0.7872337151047171,0.3869955068939638,0.19064233299218075
1HE,4IZD,800-1100,869.6990000000001,45,22,13.129129582564808,0.5348154590126313,0.5634412012708205,0.6506861055139882,0.3866135118170252,0.15077868266525624
1L9,4IRJ,800-1100,1011.9079999999997,70,46,24.70632366863643,0.8980860903516776,0.9633912534053953,0.9008037788048037,0.8608230619152214,0.08326191131383676
1LA,4IRS,800-1100,978.4509999999997,69,46,24.525160575373178,0.8932527001955083,0.9897959183673469,0.9857923277311633,0.6210156510388721,0.05821642976386145
1VU,1XNY,800-1100,823.6050000000002,52,20,20.510762425855873,0.7071200288452939,0.8247195486073746,0.7611042460741413,0.5863196125121838,0.18247678700078526
1XJ,4LVT,800-1100,974.634,65,16,24.90531013479092,0.6874177748124769,0.761276041948799,0.6941855336680456,0.5920366196256985,0.11790690422407549
1Y1,4MAN,800-1100,922.5049999999998,65,17,21.00544991610437,0.664153976878006,0.6759343028955416,0.7580097001968673,0.6011373883887446,0.11886511282348974
1ZK,1HIV,800-1100,813.033,59,21,18.372697035073642,0.8276775719975713,0.8568169023144676,1.0,0.7295629000824038,0.0876765138892797
25A,1WDY,800-1100,1005.6419999999997,67,16,21.203983502510077,0.5308974381164069,0.6119398946369727,0.425415706205462,0.5687695515048896,0.13468148605227975
29D,4MCR,800-1100,828.7490000000005,59,24,25.532950880722932,0.7528014840165099,0.9846636193496451,0.6344687123998995,0.6481023442052175,0.09492784566365507
2A4,4MPV,800-1100,847.0259999999998,62,11,26.955000951218693,0.6950641729085208,0.8391553103719656,0.3358901785937264,0.8378293412734893,0.1383117131213253
2AV,4MPX,800-1100,831.2689999999998,57,10,27.991944897711228,0.6937596388718823,0.8404365653447864,0.3902288297653681,0.8388266190463196,0.12299977078298541
2CP,1EF9,800-1100,853.6310000000002,54,22,18.523635059893746,0.6031120684362585,0.9508417595622968,0.8125227339576729,0.19076089507583815,0.14960056795712479
2DP,2AT9,800-1100,901.2379999999994,60,43,32.82669438715159,0.2391911135050525,0.3401015228426396,0.18399798323403738,0.1817224873576625,0.09248464362304798
2GO,4N7K,800-1100,,66,,18.1953588465494,0.5262352192294144,0.7786054690797495,0.48460482125354487,0.23199999999999998,0.1114371782017722
2KO,4P9Y,800-1100,864.0060000000001,62,24,12.557812019399211,0.41736336568687726,0.5426533026346396,0.3582341446201962,0.3422601444740986,0.13835189875810494
2KQ,4NNC,800-1100,869.6299999999998,55,22,26.31097624351581,0.7298767371281276,0.9582620747186492,0.8355477341196964,0.5572970810514926,0.1374806058298996
2MC,1RX0,800-1100,835.6160000000001,53,20,23.748258116657368,0.7217929063942343,0.8881319246475731,0.9807517215353639,0.44356498282029333,0.12588947139826998
2MX,3OCH,800-1100,1031.1529999999996,75,28,29.38551994002657,0.6985211793085819,0.8382421046443456,0.215514705380354,0.830316211258677,0.08723362304097462
2NE,4I4Z,800-1100,887.6479999999998,57,20,21.039419702253717,0.7489225485741469,0.9387931019570057,0.947421473146156,0.5041862275314095,0.15916477664516476
2OJ,6EO9,800-1100,864.3670000000001,59,18,18.926912797523016,0.5675973661428197,0.8223715617658633,0.7386184368215745,0.23234104780313747,0.14175573618549045
2PF,3ABT,800-1100,1009.6849999999996,68,14,26.686956320020922,0.9439517660359671,0.9967129090696585,0.9968741485515588,0.8609662866615895,0.051863614603136564
2S1,4OC6,800-1100,889.6269999999996,58,17,20.020374928393103,0.8100536825917255,0.8104883829884098,0.9809073703334789,0.6744930115341543,0.0901042180498769
2Y5,4PH7,800-1100,967.1209999999998,65,40,26.968240145825757,0.9581860484131733,0.9730639730639731,0.9878951907420672,0.8996828409110422,0.0278592801814538
2YN,4Q4D,800-1100,819.9880000000006,44,16,13.49845064659598,0.599920369586238,0.6368771740598308,0.6051058852868019,0.5614491077930098,0.12555949073955505
2Z4,1A8G,800-1100,826.0040000000001,60,20,23.89167785372291,0.8227576747254862,0.7649270867166408,1.0,0.7415674467949767,0.09369052718931896
37K,4TW7,800-1100,800.9899999999999,58,18,18.773277227249736,0.6155803010744547,0.9748995210327126,0.5524944924234689,0.43025698600815787,0.13622721004515212
37M,4TW8,800-1100,1089.204,71,21,17.18089387853739,0.5645752180811032,0.8609570960535039,0.6584722684757891,0.3288579161433588,0.12339260823195222
38V,4TY0,800-1100,850.4180000000001,54,14,14.481990070039647,0.7595598697395837,0.8615239125814711,0.6325903786352896,0.813735215433456,0.1352175480385011
398,4AQ3,800-1100,866.2220000000003,53,12,20.249353349471082,0.817749273077567,0.9537640438047882,0.756037829426668,0.706789833766952,0.09579202932979218
