comp,entry,n_heavy,n_rot,buried,n_copies,npr1,npr2,shape,max_dim,rg_norm,spread_rmsd
014,3OUH,19,2,0.8614955464398298,1,0.088,0.921,rod,11.68,1.055,
018,3H7W,20,4,1.0,1,0.293,0.823,rod,9.7,0.965,
01I,3MA3,22,2,0.775246556188228,1,0.137,0.864,rod,12.57,1.067,
01S,1JAQ,21,8,0.7732044592291101,1,0.273,0.824,rod,10.8,0.972,
01W,3DS9,19,7,0.7029363394484773,1,0.344,0.73,disc,8.98,0.947,
020,3H82,20,4,1.0,1,0.282,0.8,rod,9.25,0.972,
028,2Z50,16,7,0.7919591634646037,2,0.301,0.897,rod,9.29,0.948,1.334
03K,4EK5,20,4,0.803677944617625,1,0.069,0.962,rod,12.7,1.189,
041,1X7B,20,2,0.9951293015815847,2,0.157,0.858,rod,11.62,1.038,0.061
043,3SAZ,15,4,0.9874762555424497,1,0.144,0.887,rod,9.98,1.004,
05D,7N3M,23,3,0.8788346079027965,1,0.288,0.752,disc,10.7,0.993,
05E,7WLD,18,6,0.3561166288323192,1,0.238,0.918,rod,10.24,0.951,
05Q,7OOZ,18,3,0.8898829689781704,1,0.253,0.843,rod,8.5,0.921,
05Y,7OPR,22,5,0.7086099806112052,2,0.383,0.758,disc,9.03,0.891,1.454
05Z,7OOY,18,3,0.7525713053285862,1,0.165,0.876,rod,10.19,1.092,
068,2WO9,23,7,0.923304444583898,2,0.079,0.973,rod,14.21,1.318,0.111
06B,4K4Q,14,3,0.4997847625576006,3,0.436,0.625,disc,6.84,0.777,0.794
06N,7OPG,19,4,0.9173256007335976,3,0.311,0.716,disc,9.15,0.982,1.112
06R,4UI3,21,1,0.9487775362984163,2,0.109,0.909,rod,11.33,1.084,1.333
06Z,3RJC,22,4,0.8609663280706807,1,0.224,0.803,rod,11.8,1.111,
077,2WO8,20,6,0.8865820458545378,2,0.101,0.944,rod,11.97,1.198,0.213
07C,7OPS,19,2,0.9296284978323318,1,0.275,0.745,disc,9.02,0.866,
07O,3U19,16,5,0.9370397501973267,1,0.141,0.923,rod,10.44,1.032,
07U,3TXO,22,4,0.9205838588446718,1,0.454,0.588,disc,9.25,0.958,
07Y,7EXU,19,4,0.929955472637107,1,0.256,0.882,rod,9.36,0.886,
08C,4BU9,19,2,0.9287381307090694,2,0.123,0.88,rod,11.19,1.031,1.099
08D,3TZF,17,3,0.7281339277376708,1,0.282,0.844,rod,9.27,0.911,
08G,7OPM,23,4,0.8735971212920168,1,0.198,0.895,rod,11.68,1.055,
08H,3U5J,22,1,0.7657600175366832,1,0.445,0.733,disc,8.29,0.88,
08U,7EXV,13,3,0.956537102294433,1,0.292,0.861,rod,6.9,0.835,
095,3UDK,23,2,0.7989645355455977,1,0.157,0.947,rod,11.1,0.966,
09Q,3U8L,19,2,0.9385654360543002,14,0.199,0.849,rod,9.92,1.005,1.73
09X,7EXW,13,3,0.8293499501399144,1,0.326,0.78,disc,6.83,0.824,
09Z,3RK9,18,4,0.8897171103953857,1,0.274,0.775,rod,9.64,0.999,
0B4,3WB5,19,2,0.7163043576778446,1,0.362,0.853,disc,7.98,0.846,
0BJ,7F0Y,22,3,0.9470964988184015,2,0.43,0.852,disc,8.86,0.816,1.797
0BX,3UNJ,23,5,0.8814458616097302,1,0.165,0.854,rod,13.18,1.169,
0CH,3UV6,14,7,0.9628194321776317,2,0.436,0.753,disc,6.8,0.86,1.488
0CJ,3UTD,15,7,0.955044469019511,2,0.439,0.701,disc,7.39,0.847,1.437
0CP,3KKT,23,4,0.9234452699614448,2,0.328,0.724,disc,10.5,1.029,0.913
0CV,3UUO,23,2,0.7592047621238646,2,0.474,0.579,disc,8.86,0.886,1.057
0D1,3UUC,18,2,0.965766559618337,4,0.309,0.763,disc,9.5,0.932,0.393
0DJ,3UWO,20,2,0.9797608920965912,2,0.127,0.913,rod,11.79,1.048,0.118
0E0,5C5P,20,2,0.9379786690746581,2,0.165,0.866,rod,10.74,0.997,0.045
0ER,7F11,23,3,0.9746800996376628,1,0.387,0.857,disc,9.06,0.829,
0F3,3V5G,15,3,0.7659183368754043,3,0.132,0.952,rod,9.04,0.989,1.158
0FS,3VC4,18,1,0.892097502267351,1,0.225,0.815,rod,8.79,0.98,
0FZ,3VBD,22,3,0.7053219359810461,3,0.227,0.829,rod,6.42,0.794,0.28
0GW,7N5X,19,3,0.7966247557699407,1,0.298,0.706,disc,9.71,0.957,
0H5,3VEY,19,3,0.8995732294515367,1,0.208,0.799,rod,10.55,1.021,
0HD,3V8S,21,4,0.8621705154754475,4,0.114,0.948,rod,11.96,1.189,0.284
0HV,4DBS,23,4,0.857958649452637,4,0.188,0.855,rod,11.28,1.036,1.65
0HX,4D8S,20,6,0.8610314899570731,1,0.499,0.608,disc,8.87,0.912,
0HY,4D8A,20,3,0.747067586025751,2,0.277,0.959,rod,9.36,0.923,0.664
0HZ,1O6I,18,4,0.7140413146109452,2,0.304,0.782,disc,8.23,0.911,0.083
0IM,7ORZ,18,2,0.6990626409564249,1,0.253,0.865,rod,8.75,0.843,
0J2,4D8Z,19,3,0.741474768136949,2,0.271,0.928,rod,8.85,0.894,0.129
0J4,4DAF,18,2,0.8134475472043696,2,0.224,0.876,rod,9.17,0.87,0.714
0J6,4DE1,23,3,0.7615269933534536,3,0.104,0.92,rod,13.4,1.191,1.335
0JB,4DE0,23,3,0.740676165676522,2,0.178,0.856,rod,11.56,1.083,0.761
023,2WO8,28,10,0.7562118084143644,2,0.456,0.643,disc,11.24,1.087,0.155
027,3PIX,28,4,0.6349670937167058,1,0.179,0.845,rod,15.01,1.123,
035,3PFP,19,10,0.9036575625988966,2,0.183,0.878,rod,11.37,1.207,0.206
036,3PFP,19,10,0.8939271959812141,2,0.163,0.896,rod,11.69,1.228,0.673
03G,3TGS,23,2,0.7687227842203351,2,0.097,0.971,rod,14.06,1.238,0.578
03O,3THS,23,4,0.8078459458207987,2,0.071,0.96,rod,15.21,1.214,0.658
03U,3U2O,27,5,0.9412956797309043,1,0.145,0.885,rod,14.73,1.158,
03Z,3RAK,25,5,0.8711701141134387,1,0.221,0.812,rod,12.11,1.161,
042,2DC7,26,10,0.8049380375024531,1,0.163,0.947,rod,13.84,1.153,
047,2PJL,25,5,0.9551345360954244,2,0.252,0.941,rod,12.97,1.069,0.078
048,3UVP,29,4,0.8747474688503563,1,0.129,0.951,rod,15.34,1.269,
04Y,7N3L,24,4,0.8835628814329611,1,0.23,0.811,rod,11.76,1.052,
056,2YLP,20,5,0.6701285595951413,2,0.134,0.906,rod,12.5,1.165,1.998
057,3FQH,27,4,0.7385159312536661,2,0.374,0.648,disc,11.12,1.059,0.375
058,3SKH,27,4,0.778242343510483,2,0.432,0.743,disc,10.33,0.929,0.111
05L,3USP,19,8,0.37315408448345444,7,0.151,0.915,rod,12.71,1.207,1.907
05X,7EXD,27,4,0.9272567575968101,1,0.281,0.735,disc,11.83,1.056,
06A,7F0I,28,4,0.7740700396828898,2,0.382,0.716,disc,11.45,0.958,1.289
06P,3QTV,27,6,0.8414833837771729,1,0.275,0.877,rod,11.56,1.027,
06U,3RO9,28,4,0.885673689700293,2,0.326,0.865,rod,11.74,1.089,0.086
06V,3ROA,28,4,0.8716745787452131,2,0.299,0.889,rod,12.35,1.116,0.348
06W,3SGY,28,4,0.8408931076468611,2,0.322,0.807,disc,12.12,1.08,0.088
074,1QDQ,27,10,0.8488541497637027,1,0.164,0.932,rod,14.82,1.153,
07M,3TFQ,23,3,0.9032649013776375,4,0.27,0.805,rod,10.66,1.005,0.106
07Q,3TV7,25,5,0.8606124620494102,4,0.118,0.981,rod,14.78,1.258,0.629
07R,3TWJ,23,4,0.8796755675760359,2,0.091,0.961,rod,15.26,1.332,0.935
07T,3U2Z,25,3,0.8799191377335818,4,0.16,0.961,rod,12.89,1.075,0.233
07Z,3RK5,24,5,0.8664659492473976,1,0.222,0.795,rod,12.14,1.152,
083,4BFQ,27,3,0.5067948340202832,14,0.288,0.712,disc,12.11,1.076,1.722
085,3TZM,29,4,0.8918408362084077,1,0.274,0.746,disc,13.55,1.14,
08E,3U4O,28,4,0.7921775361405685,2,0.447,0.761,disc,10.05,0.927,0.599
08J,3U5K,23,1,0.7178521247710695,4,0.443,0.771,disc,8.49,0.876,0.307
08K,3U5L,23,1,0.7624269133106685,1,0.483,0.743,disc,8.33,0.881,
08O,7WKG,24,19,0.9275768213673328,4,0.19,0.933,rod,8.82,1.119,0.686
08Q,3U6C,23,7,0.39378637169723063,1,0.393,0.667,disc,10.36,1.012,
08R,3TYM,27,9,0.592370991211053,2,0.105,0.936,rod,15.05,1.341,0.395
08V,7N54,26,4,0.9253242096631606,4,0.365,0.663,disc,11.41,0.945,0.103
08Z,3RK7,24,5,0.8440893601544024,1,0.227,0.794,rod,11.95,1.146,
090,2CHX,26,4,0.8262225270674199,1,0.231,0.78,rod,12.91,1.038,
093,2CHZ,24,5,0.8833487461541493,1,0.269,0.863,rod,11.85,1.088,
097,1R55,23,7,0.7322008180310415,1,0.302,0.826,rod,10.96,0.964,
099,3HYG,27,6,0.8066544245419769,2,0.379,0.753,disc,11.44,1.004,0.188
09A,3UDM,24,3,0.8350270218683834,1,0.206,0.922,rod,11.22,1.061,
09B,3UDN,26,3,0.7999030930978099,1,0.207,0.9,rod,12.57,1.099,
09F,3UDR,25,2,0.8919047242144369,1,0.171,0.949,rod,11.52,0.959,
09K,4FKI,23,5,0.8498735285273341,1,0.152,0.955,rod,13.29,1.196,
09W,7OQ7,27,5,0.5020345995490224,2,0.276,0.857,rod,11.99,1.089,1.949
09Y,7N47,28,6,0.657560058118493,1,0.529,0.615,disc,9.38,0.946,
0A,4R8I,22,4,0.0,6,0.287,0.805,rod,10.23,0.949,2.046
0AW,7OPW,27,5,0.4854609571593914,3,0.205,0.862,rod,13.81,1.17,1.659
0B0,7N4S,29,4,0.8326462067947966,1,0.287,0.841,rod,11.65,1.048,
0B1,3VV7,26,4,0.7535522271337513,1,0.422,0.829,disc,9.57,0.952,
0B6,5YGY,28,4,0.7777294743848221,1,0.235,0.879,rod,13.64,1.124,
0B7,7OQ8,27,5,0.4670192968694379,2,0.232,0.847,rod,13.17,1.141,1.02
0BB,3S0N,27,6,0.658184092198121,1,0.325,0.793,disc,11.62,1.077,
0BG,7N4R,24,7,0.8587393450649894,1,0.181,0.903,rod,11.86,1.129,
0BL,7OQU,28,5,0.4750876667468087,1,0.259,0.816,rod,12.57,1.136,
0BR,3U88,24,4,0.7959129708738983,2,0.387,0.865,disc,8.59,0.873,1.68
0BS,7OQS,28,6,0.5546050927572492,1,0.216,0.829,rod,13.95,1.257,
0BW,3UR4,28,5,0.8287362602019317,2,0.449,0.666,disc,11.93,1.043,0.055
002,2FV9,32,13,0.8071434301803811,1,0.351,0.73,disc,13.39,1.043,
003,2JFZ,33,5,0.8181373332249589,2,0.476,0.697,disc,10.83,0.913,0.585
00A,3CW8,32,6,0.8704677845989824,1,0.45,0.698,disc,11.62,1.009,
00J,2XIR,34,7,0.7741196995175813,1,0.059,0.983,rod,20.18,1.466,
00P,1D9I,33,7,0.8009108712405086,1,0.312,0.82,rod,12.04,1.062,
01P,3QQU,32,6,0.81008229232503,4,0.41,0.672,disc,11.44,0.982,0.591
022,3QJ5,31,7,0.7933847985738899,2,0.296,0.788,disc,14.29,1.075,0.711
024,2QBS,27,7,0.7913611303713048,1,0.206,0.833,rod,13.34,1.211,
02P,3QX5,28,6,0.849302732103144,1,0.288,0.921,rod,11.75,1.034,
032,3OG7,33,7,0.8552120036835292,1,0.132,0.961,rod,16.69,1.252,
033,1ZTQ,35,8,0.780396968768757,4,0.063,0.965,rod,20.21,1.503,0.238
039,2CHW,31,5,0.8952403125369411,1,0.462,0.762,disc,10.92,0.96,
03C,3PIZ,31,5,0.7167402490842774,1,0.305,0.766,disc,12.51,1.137,
03I,3U1Y,34,11,0.833834711170381,2,0.045,0.99,rod,21.23,1.661,0.092
03L,3TFP,29,6,0.9178869454015617,1,0.276,0.897,rod,12.94,1.094,
03M,3U15,28,3,0.8150420303900011,4,0.115,0.959,rod,15.3,1.243,0.496
03Q,3PP0,34,9,0.9730693100678577,2,0.169,0.902,rod,14.97,1.19,0.233
04J,4KN1,32,9,0.8354843225984362,1,0.173,0.946,rod,14.49,1.284,
04K,3PJ2,35,10,0.6654226281949607,1,0.087,0.959,rod,20.55,1.419,
04L,3PJ3,36,6,0.8559298224571059,1,0.131,0.912,rod,20.26,1.497,
04W,5HN9,31,15,0.9373824818762299,4,0.106,0.97,rod,18.0,1.419,0.631
04Z,3RAL,27,6,0.8938173711313355,1,0.251,0.8,rod,13.27,1.194,
053,3SKA,31,4,0.8015425946034238,2,0.485,0.692,disc,10.44,0.959,0.038
055,3DDW,35,6,0.8686712133348287,2,0.52,0.63,disc,12.12,1.022,0.107
059,2PJ6,32,12,0.7814222141673025,1,0.289,0.843,rod,14.7,1.157,
05B,3R1N,30,2,0.8353542597981128,1,0.243,0.787,rod,13.01,1.121,
05C,7EW9,36,5,0.847423176978636,2,0.365,0.755,disc,13.0,1.144,0.234
05F,7EWA,37,5,0.8352466136874257,2,0.361,0.763,disc,13.35,1.127,0.216
05G,7N2W,30,5,0.6558703224144415,4,0.171,0.858,rod,15.03,1.215,0.998
05I,7EWB,37,5,0.816215955751561,3,0.347,0.782,disc,13.45,1.113,0.204
05S,3QTF,30,1,0.869702890241411,1,0.372,0.81,disc,10.86,0.96,
061,1A8T,34,7,0.7583666399908342,1,0.242,0.852,rod,14.46,1.112,
062,1ZRB,35,5,0.7994807723548216,1,0.309,0.933,rod,13.0,1.029,
067,3P44,26,,0.6853707959103794,1,0.146,0.945,rod,13.0,1.153,
06E,7OOX,24,8,0.7336170511618324,1,0.13,0.882,rod,15.44,1.322,
06G,8PPA,24,6,0.6431364076681835,2,0.344,0.744,disc,10.6,0.945,1.202
06H,3R91,32,1,0.9022603286631613,1,0.375,0.796,disc,10.85,0.945,
06J,3R92,32,1,0.8726541895556202,1,0.367,0.774,disc,11.33,0.964,
06L,8GXP,33,2,0.920885469767336,1,0.207,0.904,rod,12.54,1.001,
06M,7N42,36,7,0.723374784011172,1,0.428,0.621,disc,13.03,1.052,
06T,3RKZ,36,2,0.8062235895813841,1,0.446,0.669,disc,12.71,0.998,
06X,3TMZ,28,8,0.9116562462433527,3,0.437,0.736,disc,11.16,0.921,1.706
071,3KB7,33,5,0.8392345753016037,1,0.423,0.636,disc,12.71,1.017,
07F,7N2A,31,6,0.9487360021360423,1,0.366,0.821,disc,11.53,0.956,
07G,3TU1,33,7,0.726497108755338,1,0.535,0.831,disc,11.29,0.892,
07H,3TVW,30,4,0.6482376767344379,3,0.187,0.918,rod,14.57,1.252,0.918
07I,7OPI,33,8,0.5729409006629005,1,0.089,0.963,rod,19.89,1.519,
07N,3TTZ,26,4,0.7341092400633296,2,0.076,0.963,rod,15.97,1.279,1.28
07S,3TKH,33,6,0.5738649038619876,1,0.047,0.973,rod,19.87,1.54,
082,3TY0,36,5,0.9535228653726409,2,0.285,0.835,rod,14.63,1.078,0.526
087,3U2K,27,4,0.6826317289417463,2,0.1,0.939,rod,15.59,1.297,0.2
08A,6TYM,36,6,0.48828021852460557,2,0.321,0.788,disc,13.94,1.1,3.892
08B,3U2D,25,4,0.724070802224716,2,0.103,0.936,rod,14.11,1.208,0.161
08N,7N4Z,30,4,0.9767970605113233,4,0.321,0.909,rod,11.52,0.937,0.429
08W,3UA8,30,4,0.6783058671892963,1,0.209,0.876,rod,14.42,1.086,
096,3IU2,31,7,0.8708224113759204,2,0.28,0.868,rod,13.92,1.064,0.324
098,3HY9,32,9,0.7803513906939823,2,0.495,0.637,disc,11.59,0.994,0.479
09C,3T07,27,2,0.8532278008104661,2,0.175,0.839,rod,14.53,1.088,0.258
09D,3UDP,28,2,0.8463091521090236,1,0.283,0.982,rod,10.77,1.003,
09E,3UDQ,30,2,0.8518576493026648,1,0.282,0.961,rod,12.15,1.033,
009,3CKR,45,14,0.7903639113096269,3,0.315,0.834,rod,16.08,1.142,0.863
00I,1QUR,41,12,0.8122706398216957,1,0.497,0.924,disc,12.66,1.031,
00K,1A46,38,11,0.7801414152397821,1,0.296,0.831,rod,15.04,1.14,
00L,1A5G,42,13,0.817020962157501,1,0.317,0.78,disc,16.94,1.22,
00N,1A61,36,10,0.8487458943220215,1,0.435,0.676,disc,12.48,1.103,
00Q,1TBZ,38,11,0.8456221824373151,1,0.473,0.611,disc,14.21,1.151,
00R,1D6W,37,7,0.8082450197747387,1,0.322,0.817,disc,12.51,1.075,
012,3CKP,40,13,0.8259046995379298,3,0.224,0.946,rod,15.26,1.142,0.464
017,1T3R,38,11,0.9291088449386494,1,0.237,0.858,rod,15.31,1.085,
01G,2R75,38,9,0.7964488449570879,1,0.327,0.949,rod,14.19,1.068,
031,3H5B,42,12,0.9235458645689757,2,0.255,0.838,rod,16.29,1.111,0.435
034,3RVF,36,7,0.9608208293974643,1,0.145,0.938,rod,16.76,1.296,
03D,1HRN,36,15,0.9018364775772767,2,0.241,0.84,rod,15.86,1.103,0.681
03P,3POZ,38,9,0.893147831169526,1,0.338,0.772,disc,13.47,1.135,
03R,2AEI,39,11,0.7214012086198798,1,0.495,0.676,disc,12.66,1.047,
03X,3U6H,39,7,0.913799571506805,1,0.081,0.991,rod,19.93,1.42,
044,3U6I,40,8,0.921207787252307,1,0.078,0.967,rod,20.76,1.424,
046,3UGC,41,6,0.893738294227154,1,0.093,0.978,rod,22.53,1.503,
04A,3UO9,35,12,0.8044303173780638,2,0.15,0.888,rod,19.86,1.581,0.31
051,2XPC,37,8,0.7392693089295094,1,0.15,0.947,rod,17.04,1.272,
052,4ZEG,38,9,0.8667918889946831,1,0.154,0.891,rod,19.23,1.275,
054,3SKE,35,4,0.8326228269021841,2,0.533,0.689,disc,11.5,0.967,0.048
05J,7N3U,39,7,0.7367622942758576,1,0.308,0.747,disc,15.43,1.14,
05M,7EXP,36,16,0.602430667020129,1,0.086,0.973,rod,20.94,1.659,
064,3DCT,36,8,0.9615418022409623,1,0.161,0.952,rod,16.8,1.331,
065,2QCI,40,11,0.9258716237101392,2,0.197,0.887,rod,15.8,1.126,0.116
066,3GWT,37,7,0.7844929432566169,1,0.442,0.74,disc,11.79,0.959,
06F,3UVR,39,5,0.934035296512032,1,0.185,0.908,rod,17.55,1.344,
06I,7N44,36,6,0.8524703106751245,1,0.288,0.812,rod,16.45,1.193,
06Q,7W7O,45,12,0.6051129284871691,1,0.325,0.774,disc,16.34,1.175,
072,4PRG,44,18,0.9462616575707289,4,0.254,0.815,rod,20.74,1.452,0.967
073,2FJM,43,10,0.8164704767700145,2,0.51,0.604,disc,15.06,1.106,0.739
076,3TOF,38,13,0.8413821648033146,1,0.216,0.95,rod,16.29,1.162,
079,3TOG,39,14,0.8197196776401621,2,0.217,0.952,rod,16.12,1.149,0.199
07J,3TT0,38,8,0.7404790141548319,2,0.097,0.971,rod,20.53,1.425,0.881
084,1OUK,37,6,0.8241565474386562,1,0.403,0.688,disc,13.08,1.085,
088,3HC6,37,8,0.9709904682830713,1,0.164,0.96,rod,16.5,1.257,
08S,2XYW,34,8,0.9511876309685647,2,0.359,0.708,disc,13.6,1.103,0.221
094,1OUY,34,4,0.8140636015103132,1,0.375,0.748,disc,13.38,1.036,
0AE,7OQL,44,10,0.7882370310484079,1,0.162,0.964,rod,19.66,1.43,
0AN,8PPZ,38,6,0.968184520051745,1,0.612,0.828,disc,10.66,0.894,
0AX,8GXH,44,12,0.6569728940354642,1,0.513,0.819,disc,13.99,1.115,
0BA,7OQO,38,7,0.8681005957189103,1,0.14,0.934,rod,17.44,1.342,
0BI,3K5C,42,8,0.8584102091953756,3,0.332,0.797,disc,15.05,1.15,0.015
0BO,8GXI,40,11,0.708073511655693,1,0.459,0.741,disc,14.65,1.123,
0BT,4L6C,29,3,0.801964367206749,1,0.401,0.735,disc,10.64,0.935,
0C2,3UPI,36,5,0.8344748236005,4,0.525,0.676,disc,11.42,0.933,1.358
0CA,3UPE,39,7,0.6817958663502156,1,0.48,0.75,disc,13.93,1.118,
0CB,3UUZ,38,9,0.686471486754564,2,0.469,0.624,disc,14.08,1.169,1.205
0D6,1MEM,37,12,0.6442649474341248,1,0.352,0.779,disc,14.56,1.141,
0E6,1THE,35,15,0.7987123627247871,2,0.379,0.811,disc,14.18,1.184,0.592
0E7,1HDT,40,15,0.7414529217137106,1,0.45,0.795,disc,12.5,1.027,
0E8,1ODW,39,12,0.8623169297004694,1,0.369,0.82,disc,14.04,1.127,
0EU,3TDC,36,4,0.2812993325134382,1,0.352,0.859,rod,13.39,1.134,
0EW,7N66,36,6,0.827200772762763,1,0.204,0.854,rod,15.51,1.207,
0F4,3V5Q,37,5,0.8946428820114207,2,0.12,0.923,rod,19.29,1.468,0.071
0F7,1DY8,37,15,0.6203912808065128,2,0.329,0.878,rod,14.92,1.127,0.66
0FX,3VBI,35,8,0.767988821194388,3,0.231,0.851,rod,14.03,1.101,0.64
0FY,3VAP,40,8,0.7805215167063962,1,0.105,0.931,rod,20.24,1.507,
0G3,7ORF,42,9,0.7607936218378831,1,0.166,0.881,rod,19.14,1.378,
001,1J4R,45,15,0.6312621565731635,3,0.434,0.917,disc,14.47,1.002,0.545
006,3FNU,45,10,0.633544708923381,4,0.387,0.755,disc,14.76,1.101,0.807
016,3NLS,45,10,0.9201484071399503,1,0.214,0.838,rod,17.33,1.178,
01E,2WPO,43,12,0.6452076273413196,4,0.252,0.903,rod,18.17,1.226,0.236
038,3KYR,52,19,0.5290964745459288,3,0.343,0.905,rod,17.69,1.153,1.045
03F,3S0K,51,34,0.8480235819697195,1,0.181,0.842,rod,25.81,1.691,
08F,3U4R,42,8,0.8061602842003455,2,0.283,0.864,rod,15.9,1.039,0.486
08Y,3UA1,43,5,0.8668553917811963,1,0.19,0.883,rod,16.79,1.155,
09N,3UBX,54,36,0.9550205696007814,2,0.475,0.584,disc,24.63,1.624,0.297
0B8,7WJ8,47,8,0.7337931998546618,1,0.098,0.941,rod,20.05,1.368,
0BH,7OQP,46,10,0.8040623462512221,1,0.148,0.957,rod,20.56,1.485,
0DO,1IDB,46,12,0.8716778564592679,1,0.298,0.819,rod,16.88,1.165,
0E9,9HVP,54,18,0.8011485273662078,1,0.166,0.949,rod,21.01,1.317,
0ED,1CGL,45,18,0.8028756688543403,2,0.212,0.865,rod,18.02,1.228,0.041
0EI,7ORE,47,10,0.673183446071482,3,0.213,0.837,rod,21.15,1.38,2.543
0EJ,4HN2,39,13,0.6235917525341802,1,0.533,0.689,disc,11.49,0.934,
0EM,1ENT,46,17,0.7520140261556452,1,0.234,0.821,rod,20.46,1.246,
0EO,1EED,45,17,0.7197579784790091,1,0.168,0.894,rod,20.71,1.352,
0FP,1JQ7,43,19,0.560464618116655,2,0.192,0.931,rod,18.02,1.242,0.893
0GE,1CVW,41,17,0.6575923541305506,1,0.263,0.921,rod,17.0,1.199,
0GH,4GID,47,16,0.9167620040314112,4,0.342,0.824,disc,17.43,1.169,0.555
0GQ,1E80,57,19,0.6538464747172513,1,0.171,0.925,rod,24.29,1.455,
0I0,7WJJ,47,8,0.7218414667424211,1,0.109,0.941,rod,21.29,1.531,
0I7,7WJK,57,,0.6566221936824993,1,0.138,0.942,rod,21.81,1.335,
0IU,1BIL,45,16,0.8582281349474453,2,0.381,0.696,disc,15.64,1.086,0.88
0J1,7JM6,45,24,0.7798900446777882,2,0.248,0.851,rod,21.97,1.439,0.0
0JV,4DFG,44,13,0.8846097044905172,2,0.204,0.878,rod,17.16,1.162,0.34
0JZ,3G60,36,3,0.8010152157735695,2,0.543,0.625,disc,10.95,0.998,1.308
0K3,4DE8,45,24,0.8708812254434317,1,0.034,0.99,rod,30.18,2.144,
0L3,4DF4,48,20,0.6977219628091753,1,0.267,0.817,rod,19.29,1.202,
0L5,4DFK,46,20,0.7093005060937722,1,0.208,0.855,rod,21.46,1.527,
0LG,4DPF,46,9,0.8192638884626751,1,0.236,0.827,rod,19.1,1.267,
0MC,4DRM,46,14,0.6085853914850936,1,0.535,0.735,disc,14.48,1.078,
0MD,4DRO,41,14,0.6275258335147005,1,0.358,0.964,rod,14.83,1.07,
0O2,24IO,40,12,0.7016141776800524,3,0.401,0.709,disc,14.82,1.125,3.043
0O9,4E6A,23,28,0.7898882347651259,1,0.193,0.951,rod,11.16,1.037,
0OA,4E8A,23,28,0.7220149537437583,1,0.127,0.958,rod,12.6,1.119,
0OS,4DRQ,35,13,0.6806260995014664,1,0.402,0.803,disc,12.19,0.989,
0PO,1IDA,52,14,0.8104838489609093,1,0.247,0.946,rod,19.37,1.24,
0PP,1JLD,48,16,0.8824929675480465,1,0.227,0.88,rod,17.26,1.22,
0Q5,4EHR,47,12,0.7028569986202586,1,0.272,0.921,rod,18.38,1.153,
0QB,1BIM,48,14,0.8456068461927714,2,0.347,0.736,disc,15.63,1.102,0.75
0QF,1EPQ,38,17,0.7931337040455867,1,0.344,0.738,disc,14.96,1.072,
0QS,1EPR,54,18,0.7331800054037607,1,0.228,0.858,rod,20.64,1.251,
0RQ,4EUC,51,20,0.8020674264212545,2,0.207,0.933,rod,19.25,1.358,0.041
0SH,4F7E,50,34,0.832498511707753,1,0.472,0.59,disc,23.15,1.659,
0SS,4F6W,47,7,0.8893520389228686,1,0.22,0.982,rod,18.24,1.381,
0T1,5DW5,48,18,0.6894028374717676,2,0.251,0.922,rod,20.17,1.291,0.54
0TQ,4FE6,45,12,0.5490348847823453,1,0.157,0.911,rod,17.76,1.196,
0U4,4FCO,53,17,0.7822081900177796,1,0.241,0.909,rod,21.17,1.363,
0UR,7WLM,57,22,0.4773235662633417,3,0.077,0.987,rod,29.7,1.906,0.034
0W0,4FSF,45,14,0.7145671510605616,1,0.17,0.903,rod,20.43,1.274,
0W3,4FGY,50,23,0.9025116537994049,1,0.36,0.832,disc,15.86,1.067,
0WD,4FS3,48,13,0.9053596945671001,1,0.198,0.879,rod,18.17,1.296,
0ZQ,1LZQ,50,19,0.8725345643912964,2,0.261,0.857,rod,17.11,1.222,0.175
0ZR,1IIQ,51,19,0.8626144372082363,1,0.261,0.876,rod,17.01,1.205,
0ZS,1Z8C,51,19,0.8638051095759367,1,0.285,0.848,rod,17.02,1.188,
0ZT,1FQX,51,19,0.8420162145178878,2,0.222,0.888,rod,17.49,1.254,0.012
128,1I5D,46,10,0.6567061013660367,1,0.646,0.706,disc,13.2,1.003,
12D,3AR6,42,9,0.7220604176708441,1,0.433,0.752,disc,14.68,1.055,
01A,3CW9,58,22,0.774986700046071,2,0.099,0.942,rod,28.35,1.63,0.149
01K,3BIY,64,28,0.7255771508827618,1,0.155,0.894,rod,28.08,1.658,
03B,3SP7,63,17,0.7253592080549456,1,0.193,0.878,rod,23.14,1.39,
063,6U26,76,20,0.5096635336923565,1,0.249,0.85,rod,22.14,1.403,
06O,7WLD,74,51,0.4286525385771728,1,0.275,0.791,rod,25.71,1.374,
075,2PK5,56,14,0.8790985180586234,2,0.28,0.82,rod,16.94,1.195,0.218
07D,7EQD,66,17,0.6427381640487231,36,0.332,0.814,disc,21.42,1.263,6.667
07P,3TVM,64,47,0.9516569686197032,2,0.431,0.655,disc,27.59,1.724,0.769
08I,7EQD,65,17,0.7184975522992133,2,0.274,0.809,rod,22.8,1.438,4.666
0BU,3UPF,66,12,0.5460546550753044,3,0.095,0.985,rod,26.47,1.66,0.548
0EK,5ER2,68,26,0.6889211650742633,1,0.231,0.893,rod,23.62,1.374,
0EL,3ER3,56,27,0.7252430159749055,1,0.222,0.844,rod,23.54,1.289,
0ET,4GAH,60,29,0.6185130504399053,3,0.176,0.94,rod,21.55,1.539,2.054
0FQ,4K4A,57,22,0.71132367603402,4,0.255,0.933,rod,21.59,1.41,1.779
0GM,1FQ5,62,10,0.7451134343292318,1,0.283,0.877,rod,18.71,1.198,
0HJ,7N6B,68,50,0.5562536009903669,2,0.197,0.887,rod,31.95,1.841,4.531
0Q4,1A8K,59,29,0.7864267740273254,2,0.143,0.928,rod,24.03,1.453,2.894
0SG,4F7C,53,33,0.712927685853711,2,0.338,0.804,disc,22.61,1.662,1.094
0UK,4FDV,63,18,0.4493824493451467,1,0.592,0.681,disc,16.57,1.011,
0ZD,4H30,62,20,0.8255265770876767,1,0.39,0.985,rod,19.46,1.325,
0ZP,4ER1,60,21,0.7891525877175318,1,0.311,0.781,disc,20.44,1.191,
11R,2CG1,60,14,0.3405325348187004,1,0.13,0.988,rod,25.45,1.574,
12F,3ABU,72,17,0.9385041687420833,1,0.086,0.96,rod,29.19,1.609,
146,1BWB,62,12,0.7879075235835578,1,0.133,0.976,rod,26.5,1.43,
1BV,4I31,58,10,0.6210535965211731,2,0.428,0.716,disc,16.72,1.124,0.247
1C4,4I49,61,26,0.7658830839948679,1,0.182,0.913,rod,23.59,1.446,
1CV,4I4B,58,24,0.78555514383178,1,0.16,0.949,rod,23.62,1.486,
1CZ,4I56,58,23,0.7165704487988025,1,0.155,0.96,rod,24.04,1.486,
1DG,2CIG,56,15,0.8667884168380989,1,0.159,0.925,rod,21.73,1.513,
1E9,4IEH,59,15,0.729661842839198,1,0.221,0.885,rod,21.68,1.317,
1GZ,4IZC,54,21,0.6621251152418008,2,0.27,0.787,rod,20.9,1.286,0.797
1HE,4IZD,45,22,0.5348154590126313,2,0.393,0.704,disc,17.04,1.152,1.33
1L9,4IRJ,70,46,0.8980860903516776,1,0.517,0.568,disc,26.76,1.597,
1LA,4IRS,69,46,0.8932527001955083,1,0.521,0.55,disc,27.48,1.65,
1VU,1XNY,52,20,0.7071200288452939,2,0.209,0.865,rod,20.89,1.238,0.983
1XJ,4LVT,65,16,0.6874177748124769,2,0.161,0.933,rod,24.71,1.432,0.882
1Y1,4MAN,65,17,0.664153976878006,2,0.201,0.87,rod,22.58,1.368,0.144
1ZK,1HIV,59,21,0.8276775719975713,1,0.229,0.882,rod,19.12,1.248,
25A,1WDY,67,16,0.5308974381164069,1,0.183,0.886,rod,21.61,1.22,
29D,4MCR,59,24,0.7528014840165099,1,0.11,0.936,rod,25.69,1.561,
2A4,4MPV,62,11,0.6950641729085208,2,0.105,0.98,rod,26.97,1.478,0.703
2AV,4MPX,57,10,0.6937596388718823,1,0.094,0.977,rod,28.02,1.639,
2CP,1EF9,54,22,0.6031120684362585,1,0.271,0.786,rod,19.39,1.233,
2DP,2AT9,60,43,0.2391911135050525,8,0.172,0.899,rod,27.63,1.669,5.034
2GO,4N7K,66,,0.5262352192294144,6,0.338,0.895,rod,23.22,1.391,6.287
2KO,4P9Y,62,24,0.41736336568687726,2,0.655,0.883,sphere,15.48,0.992,3.919
2KQ,4NNC,55,22,0.7298767371281276,1,0.1,0.942,rod,26.56,1.679,
2MC,1RX0,53,20,0.7217929063942343,2,0.218,0.87,rod,23.68,1.449,0.105
2MX,3OCH,75,28,0.6985211793085819,1,0.197,0.876,rod,29.39,1.868,
2NE,4I4Z,57,20,0.7489225485741469,9,0.205,0.843,rod,21.37,1.342,0.757
2OJ,6EO9,59,18,0.5675973661428197,1,0.233,0.843,rod,19.71,1.297,
2PF,3ABT,68,14,0.9439517660359671,1,0.1,0.956,rod,26.76,1.559,
2S1,4OC6,58,17,0.8100536825917255,1,0.201,0.891,rod,20.1,1.261,
2Y5,4PH7,65,40,0.9581860484131733,4,0.343,0.733,disc,27.53,1.575,0.809
2YN,4Q4D,44,16,0.599920369586238,1,0.437,0.699,disc,13.65,0.97,
2Z4,1A8G,60,20,0.8227576747254862,1,0.153,0.953,rod,24.05,1.342,
37K,4TW7,58,18,0.6155803010744547,1,0.432,0.823,disc,18.9,1.117,
37M,4TW8,71,21,0.5645752180811032,2,0.454,0.872,disc,17.19,1.028,1.129
38V,4TY0,54,14,0.7595598697395837,2,0.483,0.888,disc,14.55,0.969,0.087
398,4AQ3,53,12,0.817749273077567,6,0.219,0.975,rod,20.76,1.219,0.507
