comp,n_heavy,shape,buried,n_entries,n_proteins,n_copies,within_max,across_med,across_max
001,45,disc,0.6312621565731635,1,1,3,0.545,,
006,45,disc,0.633544708923381,3,3,10,1.455,4.254,4.671
009,45,rod,0.7903639113096269,1,1,3,0.863,,
012,40,rod,0.8259046995379298,1,1,3,0.464,,
01A,58,rod,0.774986700046071,1,1,2,0.149,,
01E,43,rod,0.6452076273413196,1,1,4,0.236,,
01K,64,rod,0.7255771508827618,4,2,8,0.708,0.868,1.0
031,42,rod,0.9235458645689757,4,2,10,0.435,0.165,0.44
038,52,rod,0.5290964745459288,1,1,3,1.045,,
03F,51,rod,0.8480235819697195,2,2,4,4.587,4.462,4.738
046,41,rod,0.893738294227154,3,2,3,0.098,1.095,1.109
065,40,rod,0.9258716237101392,4,1,7,0.15,,
06Q,45,disc,0.6051129284871691,2,2,2,,3.293,3.293
072,44,rod,0.9462616575707289,1,1,4,0.967,,
073,43,disc,0.8164704767700145,2,1,4,0.958,,
075,56,rod,0.8790985180586234,1,1,2,0.218,,
07D,66,disc,0.6427381640487231,4,4,155,6.726,4.852,6.742
07P,64,disc,0.9516569686197032,1,1,2,0.769,,
08F,42,rod,0.8061602842003455,1,1,2,0.486,,
08I,65,rod,0.7184975522992133,2,1,4,4.704,,
08Y,43,rod,0.8668553917811963,4,3,4,0.49,0.963,1.184
09N,54,disc,0.9550205696007814,1,1,2,0.297,,
0BI,42,disc,0.8584102091953756,2,1,6,0.135,,
0BU,66,rod,0.5460546550753044,2,2,5,0.804,3.143,3.261
0ED,45,rod,0.8028756688543403,1,1,2,0.041,,
0EI,47,rod,0.673183446071482,1,1,3,2.543,,
0EM,46,rod,0.7520140261556452,2,1,2,0.757,,
0ET,60,rod,0.6185130504399053,1,1,3,2.054,,
0FP,43,rod,0.560464618116655,3,1,7,1.433,,
0FQ,57,rod,0.71132367603402,3,3,12,3.769,2.546,4.284
0GE,41,rod,0.6575923541305506,3,1,3,1.421,,
0GH,47,disc,0.9167620040314112,1,1,4,0.555,,
0GM,62,rod,0.7451134343292318,2,2,2,,0.256,0.256
0HJ,68,rod,0.5562536009903669,1,1,2,4.531,,
0IU,45,disc,0.8582281349474453,1,1,2,0.88,,
0J1,45,rod,0.7798900446777882,2,2,4,0.0,0.694,0.694
0JV,44,rod,0.8846097044905172,1,1,2,0.34,,
0K3,45,rod,0.8708812254434317,2,2,2,,3.231,3.231
0MC,46,disc,0.6085853914850936,2,1,2,1.362,,
0MD,41,rod,0.6275258335147005,2,1,2,0.124,,
0O2,40,disc,0.7016141776800524,4,4,8,3.043,2.653,3.597
0Q4,59,rod,0.7864267740273254,4,2,7,2.917,1.545,2.923
0QB,48,disc,0.8456068461927714,1,1,2,0.75,,
0QS,54,rod,0.7331800054037607,4,1,4,1.217,,
0RQ,51,rod,0.8020674264212545,1,1,2,0.041,,
0SG,53,disc,0.712927685853711,4,2,6,1.3,2.421,2.55
0T1,48,rod,0.6894028374717676,3,1,6,0.6,,
0UR,57,rod,0.4773235662633417,4,4,16,2.458,0.641,2.416
0WD,48,rod,0.9053596945671001,3,3,4,1.146,1.898,3.563
0ZD,62,rod,0.8255265770876767,2,2,2,,1.137,1.137
0ZQ,50,rod,0.8725345643912964,2,1,4,0.529,,
0ZR,51,rod,0.8626144372082363,2,1,3,0.755,,
0ZS,51,rod,0.8638051095759367,4,2,6,0.762,0.662,0.801
0ZT,51,rod,0.8420162145178878,3,2,5,0.908,0.92,0.955
128,46,disc,0.6567061013660367,4,4,4,,1.551,2.535
12D,42,disc,0.7220604176708441,2,2,2,,1.365,1.365
146,62,rod,0.7879075235835578,2,1,2,0.324,,
1BV,58,disc,0.6210535965211731,3,1,6,1.215,,
1GZ,54,rod,0.6621251152418008,1,1,2,0.797,,
1HE,45,disc,0.5348154590126313,1,1,2,1.33,,
1VU,52,rod,0.7071200288452939,4,4,21,1.153,2.823,3.238
1XJ,65,rod,0.6874177748124769,3,2,15,1.388,1.107,1.594
1Y1,65,rod,0.664153976878006,1,1,2,0.144,,
1ZK,59,rod,0.8276775719975713,2,2,2,,1.209,1.209
25A,67,rod,0.5308974381164069,4,3,9,0.766,1.849,1.937
2A4,62,rod,0.6950641729085208,1,1,2,0.703,,
2CP,54,rod,0.6031120684362585,2,2,3,0.088,6.181,6.183
2DP,60,rod,0.2391911135050525,1,1,8,5.034,,
2GO,66,rod,0.5262352192294144,4,3,16,6.287,4.296,6.335
2KO,62,sphere,0.41736336568687726,2,1,4,5.005,,
2MC,53,rod,0.7217929063942343,1,1,2,0.105,,
2NE,57,rod,0.7489225485741469,2,2,21,0.767,0.662,0.94
2Y5,65,disc,0.9581860484131733,4,3,7,4.345,4.885,5.401
37K,58,disc,0.6155803010744547,2,1,2,0.53,,
37M,71,disc,0.5645752180811032,1,1,2,1.129,,
38V,54,disc,0.7595598697395837,1,1,2,0.087,,
398,53,rod,0.817749273077567,1,1,6,0.507,,
